t,Temperatura
0.0,25.77463437313764
0.026853694068678453,24.327733258128035
0.053707388137356905,25.035688713196674
0.08056108220603536,25.948036935809803
0.10741477627471381,25.440755557666474
0.13426847034339226,24.96347460509062
0.16112216441207072,23.95472013605516
0.18797585848074916,24.907394372600265
0.21482955254942762,24.78174977606409
0.24168324661810608,25.240006613717583
0.2685369406867845,24.692066737069972
0.29539063475546296,25.424505875940135
0.32224432882414145,25.523486679152267
0.3490980228928199,24.56774580649751
0.3759517169614983,25.422409614473317
0.4028054110301768,24.71546603244545
0.42965910509885524,24.52385518354489
0.4565127991675337,24.24745820513729
0.48336649323621217,24.9661727071679
0.5102201873048906,24.60286460508077
0.537073881373569,25.580743093222942
0.5639275754422475,24.663395205956594
0.5907812695109259,24.41868377561774
0.6176349635796045,24.98105131691857
0.6444886576482829,25.18114596856526
0.6713423517169613,24.75031835720387
0.6981960457856398,25.311164194169585
0.7250497398543182,25.634896289813042
0.7519034339229966,24.495400128777177
0.7787571279916752,24.990174763152474
0.8056108220603536,24.841411048122286
0.832464516129032,24.951068913982
0.8593182101977105,25.648831096664455
0.8861719042663889,25.26665691457806
0.9130255983350674,25.312668900438588
0.9398792924037458,25.434882433328923
0.9667329864724243,26.000808881053562
0.9935866805411028,25.20560611948939
1.0204403746097812,25.6827479270875
1.0472940686784598,25.413358471859276
1.074147762747138,25.26915521473381
1.1010014568158166,24.765380249616523
1.127855150884495,25.435732782327822
1.1547088449531735,25.821705650606273
1.1815625390218518,25.185171139088542
1.2084162330905304,24.729529212764742
1.235269927159209,25.143119750144784
1.2621236212278872,25.024285193723696
1.2889773152965658,26.104625526468947
1.315831009365244,24.411634097369692
1.3426847034339227,24.935523546094295
1.369538397502601,23.836751691926004
1.3963920915712795,24.134548298159697
1.423245785639958,23.937880243268136
1.4500994797086364,24.953585682445738
1.476953173777315,25.515524845613502
1.5038068678459933,24.261310047010873
1.5306605619146718,24.754152196896587
1.5575142559833504,25.083777366596436
1.5843679500520287,24.540428979839064
1.6112216441207072,25.46595026487521
1.6380753381893856,24.773607893228178
1.664929032258064,24.773291253098616
1.6917827263267424,25.418389592487134
1.718636420395421,24.37223080211617
1.7454901144640995,24.735325211076123
1.7723438085327778,24.432655461818012
1.7991975026014564,25.092766490943585
1.8260511966701347,25.405185595313498
1.8529048907388133,25.247073189551983
1.8797585848074916,25.35423354718911
1.9066122788761701,25.53315347314049
1.9334659729448487,24.3822760054938
1.960319667013527,25.81921061233901
1.9871733610822055,25.248490030165126
2.014027055150884,25.544059618482137
2.0408807492195624,25.12815387717476
2.067734443288241,25.14429830315287
2.0945881373569195,25.036610382533997
2.1214418314255976,24.87898620566286
2.148295525494276,25.50179552529832
2.1751492195629547,25.29256391251849
2.2020029136316333,24.616608453395315
2.2288566077003114,24.916445108013107
2.25571030176899,25.376254579443046
2.2825639958376684,25.004753418495657
2.309417689906347,24.693020488485942
2.3362713839750255,25.13366678226796
2.3631250780437036,25.851646493721034
2.389978772112382,25.29058550164246
2.4168324661810607,24.850915416825302
2.4436861602497393,26.38269588251797
2.470539854318418,25.859355556056432
2.497393548387096,26.152026813773514
2.5242472424557745,25.01364916339067
2.551100936524453,23.84284741200191
2.5779546305931316,26.086290523815308
2.60480832466181,25.75036211794117
2.631662018730488,25.335613257071838
2.6585157127991668,25.234596588284855
2.6853694068678453,25.908650472373786
2.712223100936524,24.82869412848738
2.739076795005202,25.576773942989615
2.7659304890738805,24.954311202896427
2.792784183142559,25.748338982869832
2.8196378772112376,25.850945457892276
2.846491571279916,25.438106433832345
2.8733452653485942,26.067211013178536
2.900198959417273,25.058799432337903
2.9270526534859513,26.278478620745123
2.95390634755463,26.572124082266342
2.9807600416233084,25.437855894514783
3.0076137356919865,27.00906065845498
3.034467429760665,26.811045768155793
3.0613211238293436,25.38704644514582
3.088174817898022,25.686486039177936
3.1150285119667007,26.517902674194165
3.141882206035379,25.930148414323583
3.1687359001040574,25.893950201185977
3.195589594172736,25.990042512250476
3.2224432882414145,25.937081505266526
3.2492969823100926,25.870375711389652
3.276150676378771,26.729395055672196
3.3030043704474497,26.832705796994055
3.329858064516128,25.784357268212105
3.3567117585848067,26.363590376822142
3.383565452653485,26.438817524352604
3.4104191467221634,25.498905993804925
3.437272840790842,25.91432417554045
3.4641265348595205,24.899919324545834
3.490980228928199,26.75909126660861
3.517833922996877,26.113613615424306
3.5446876170655557,26.749419378001416
3.5715413111342342,26.446697331816264
3.5983950052029128,26.35124193149144
3.6252486992715913,26.46300113407803
3.6521023933402694,27.06454345305757
3.678956087408948,26.410647518564506
3.7058097814776265,26.844494834830073
3.732663475546305,26.825518201191507
3.759517169614983,26.49371733945394
3.7863708636836617,26.307792867514586
3.8132245577523403,26.79671858134199
3.840078251821019,26.423268381731535
3.8669319458896974,26.50352033481446
3.8937856399583755,26.14208370304903
3.920639334027054,27.591416376083387
3.9474930280957325,27.052714485082266
3.974346722164411,26.44436895173205
4.00120041623309,26.715195939611046
4.028054110301768,27.374872131279133
4.054907804370447,27.463990616921958
4.081761498439125,28.446412737135443
4.108615192507803,27.154572422278633
4.135468886576482,28.433435975355277
4.16232258064516,27.177680596736565
4.189176274713839,26.961108786648925
4.216029968782517,26.675345491910093
4.242883662851195,28.007333711313798
4.269737356919874,27.85060622226026
4.296591050988552,27.754613588572603
4.323444745057231,28.044151640333745
4.350298439125909,28.443031262574024
4.3771521331945875,27.721399911392663
4.4040058272632665,28.12146048119667
4.430859521331945,27.232981402947605
4.457713215400623,27.697404272030198
4.484566909469302,28.28041629487447
4.51142060353798,27.857392401804972
4.538274297606659,27.83026391076834
4.565127991675337,27.391312768602546
4.591981685744015,28.003939278719297
4.618835379812694,28.618481393258875
4.645689073881372,27.50360014756844
4.672542767950051,28.15970252741515
4.699396462018729,27.625487618666856
4.726250156087407,28.919083642944013
4.753103850156086,29.39010039433866
4.779957544224764,27.631609839599868
4.806811238293443,28.80593523770222
4.8336649323621215,28.760940413472294
4.8605186264308,28.944618403803887
4.887372320499479,29.460622594972275
4.914226014568157,28.751023570892343
4.941079708636836,29.412944107202748
4.967933402705514,28.796575705945262
4.994787096774192,29.712673795184518
5.021640790842871,28.984302794500692
5.048494484911549,29.390369599144016
5.075348178980228,29.575680046910275
5.102201873048906,29.930693206305083
5.129055567117584,29.317660128077307
5.155909261186263,30.032069278068718
5.182762955254941,28.94307700481331
5.20961664932362,30.732045056024155
5.236470343392298,29.091130527620336
5.263324037460976,29.659596749273604
5.290177731529655,29.870422784040233
5.3170314255983335,30.26835005076654
5.3438851196670125,30.231521699187155
5.370738813735691,30.41263640491478
5.397592507804369,29.646989574368614
5.424446201873048,29.78632036093351
5.451299895941726,30.9958981014488
5.478153590010404,30.369331739037037
5.505007284079083,30.884272773684877
5.531860978147761,31.20109214447785
5.55871467221644,29.812085500410696
5.585568366285118,30.669044875739573
5.612422060353796,30.97891457462099
5.639275754422475,30.53048323891133
5.666129448491153,30.65065381769162
5.692983142559832,31.368834550863596
5.71983683662851,31.190702123877248
5.7466905306971885,30.869227327225133
5.7735442247658675,31.24604827142654
5.800397918834546,30.897993594259766
5.827251612903225,32.03576773346608
5.854105306971903,32.160044639875906
5.880959001040581,32.1213345983681
5.90781269510926,31.089540697249642
5.934666389177938,32.1755865657674
5.961520083246617,31.128151453107193
5.988373777315295,31.559594610578824
6.015227471383973,31.619209108468773
6.042081165452652,31.4087681091058
6.06893485952133,31.760193727668753
6.095788553590009,31.92954665823398
6.122642247658687,32.110099820807676
6.149495941727365,31.92287419586995
6.176349635796044,32.0386998681569
6.2032033298647224,32.37490486905717
6.230057023933401,32.06122823248717
6.2569107180020795,32.3811332161633
6.283764412070758,33.13093605246501
6.310618106139437,32.70535036815068
6.337471800208115,32.35303538896697
6.364325494276794,33.23989196879636
6.391179188345472,32.78507320865825
6.41803288241415,33.748911004635296
6.444886576482829,32.17178307722913
6.471740270551507,33.63127357898875
6.498593964620185,33.633267131077346
6.525447658688864,33.49029381292432
6.552301352757542,33.49710174080716
6.579155046826221,33.62325216160405
6.606008740894899,32.390252416609876
6.632862434963577,33.865972705554675
6.659716129032256,33.75897461869102
6.6865698231009345,34.21196843770846
6.7134235171696135,33.94435385543771
6.740277211238292,33.07952191150866
6.76713090530697,33.973544282117736
6.793984599375649,33.50867042002141
6.820838293444327,34.422766313796274
6.847691987513006,34.34667271445648
6.874545681581684,33.94191386405855
6.901399375650362,34.72020561935094
6.928253069719041,34.14781530742471
6.955106763787719,34.96652821078823
6.981960457856398,33.99970232465141
7.008814151925076,34.14648798468334
7.035667845993754,35.101907433913276
7.062521540062433,34.74379134580089
7.089375234131111,34.83722333708882
7.11622892819979,34.85815655539267
7.1430826222684685,34.71253796046592
7.169936316337147,34.7226146998385
7.1967900104058256,35.15715037281814
7.223643704474504,35.37939976913699
7.250497398543183,36.078301245862285
7.277351092611861,35.35667798098863
7.304204786680539,35.81693708550889
7.331058480749218,34.70205408394788
7.357912174817896,35.38666704086754
7.384765868886574,35.87288277192261
7.411619562955253,36.38449589967186
7.438473257023931,35.967914405689775
7.46532695109261,36.048178930552325
7.492180645161288,36.48240921772563
7.519034339229966,35.68152916665917
7.545888033298645,36.23732441708644
7.572741727367323,36.43216706915737
7.599595421436002,36.528309121328206
7.6264491155046805,36.168687953166
7.653302809573359,36.60090143205589
7.680156503642038,36.21757448355573
7.707010197710716,37.77599685658927
7.733863891779395,37.044680965074924
7.760717585848073,35.9761356348281
7.787571279916751,36.85310210255877
7.81442497398543,36.464746652881644
7.841278668054108,35.742912528090535
7.868132362122787,37.28911796116789
7.894986056191465,36.24938663412832
7.921839750260143,36.809355042061185
7.948693444328822,37.34428792267091
7.9755471383975,37.3231703404029
8.00240083246618,37.40744464430688
8.029254526534856,37.50522706724295
8.056108220603535,38.23390612611088
8.082961914672214,37.80161484470454
8.109815608740893,38.015868088396246
8.13666930280957,37.89518240562251
8.16352299687825,37.822331270319836
8.190376690946929,37.772565260691714
8.217230385015606,37.829501088327554
8.244084079084285,37.61504419062683
8.270937773152964,38.865715607009335
8.297791467221641,38.7534596893442
8.32464516129032,38.492121596690886
8.351498855358999,38.22193786253814
8.378352549427678,38.32646223297737
8.405206243496355,38.25488972371134
8.432059937565034,38.69378210786606
8.458913631633713,39.02050949249868
8.48576732570239,39.36872262094238
8.51262101977107,39.013716771376664
8.539474713839748,38.563402297072834
8.566328407908426,39.541797358885184
8.593182101977105,39.17980512733329
8.620035796045784,38.96898286262868
8.646889490114463,39.11768266611756
8.67374318418314,39.12198247053324
8.700596878251819,39.152654295916875
8.727450572320498,39.0447276895887
8.754304266389175,39.38495019875333
8.781157960457854,40.14457342893612
8.808011654526533,40.03805200004573
8.83486534859521,40.46211261270352
8.86171904266389,39.52700693544444
8.888572736732568,40.024017211610804
8.915426430801245,39.9637760354915
8.942280124869924,39.66060673794341
8.969133818938603,39.83074180164681
8.995987513007282,40.48927648428378
9.02284120707596,40.5137058811075
9.049694901144639,39.436934319301265
9.076548595213318,40.72135922251015
9.103402289281995,40.846675601565934
9.130255983350674,41.05363484454158
9.157109677419353,41.15263375012589
9.18396337148803,40.41345166744994
9.210817065556709,41.00843089477342
9.237670759625388,40.64327399545461
9.264524453694067,41.05900073000969
9.291378147762744,41.67034316177123
9.318231841831423,40.67711633920451
9.345085535900102,41.51091334172677
9.37193922996878,41.748819043631535
9.398792924037458,41.24867782604787
9.425646618106137,40.187753516621484
9.452500312174815,40.9877860499188
9.479354006243494,40.2382893117521
9.506207700312173,41.11536401629249
9.533061394380852,42.022981752163915
9.559915088449529,42.25350592086912
9.586768782518208,40.68084582986952
9.613622476586887,42.01748834838873
9.640476170655564,42.006834104825366
9.667329864724243,42.47846902010757
9.694183558792922,42.83848152259042
9.7210372528616,42.19536046250217
9.747890946930278,41.82294130174444
9.774744640998957,41.83667802136903
9.801598335067636,41.79881688207261
9.828452029136313,42.24283931905087
9.855305723204992,42.47758416597436
9.882159417273671,42.649201272131535
9.909013111342349,42.8883466835922
9.935866805411028,43.318616953168494
9.962720499479707,42.44168627967204
9.989574193548384,43.82924948012002
10.016427887617063,42.76847151002937
10.043281581685742,43.0311129935586
10.070135275754419,43.82505673206824
10.096988969823098,43.076679319816655
10.123842663891777,43.340735334111514
10.150696357960456,43.12773427871087
10.177550052029133,43.79192932530903
10.204403746097812,43.76763262108892
10.231257440166491,43.39073899286204
10.258111134235168,44.38222601839639
10.284964828303847,43.967280422322105
10.311818522372526,44.23943714068799
10.338672216441203,43.564839147830185
10.365525910509882,44.69909381158855
10.392379604578561,43.85691965078224
10.41923329864724,44.664280831477285
10.446086992715918,44.64432914997054
10.472940686784597,44.97115020368368
10.499794380853276,43.874815692965775
10.526648074921953,44.05263087111954
10.553501768990632,44.9662768381949
10.58035546305931,44.71724518684103
10.607209157127988,44.82794809925683
10.634062851196667,43.98262476404601
10.660916545265346,44.6733075179913
10.687770239334025,44.158534803813666
10.714623933402702,44.80103278445351
10.741477627471381,44.94258514809517
10.76833132154006,45.76074766676854
10.795185015608737,44.77482471454159
10.822038709677416,44.355190023782775
10.848892403746095,45.198088452695124
10.875746097814773,46.0784607773564
10.902599791883452,45.55353515210078
10.92945348595213,46.06877488730821
10.956307180020808,45.313452112508436
10.983160874089487,46.51104420726001
11.010014568158166,45.15885132707451
11.036868262226845,45.942717388094685
11.063721956295522,45.874401786703224
11.090575650364201,45.18573758806474
11.11742934443288,46.20548654103783
11.144283038501557,45.19862193734649
11.171136732570236,46.12278527594217
11.197990426638915,46.83934292043339
11.224844120707592,46.72591401749418
11.251697814776271,45.92667425948126
11.27855150884495,46.484791976495075
11.30540520291363,47.31125688463347
11.332258896982307,47.193257090219944
11.359112591050986,46.58233359715764
11.385966285119665,46.897156364765806
11.412819979188342,46.98858217200888
11.43967367325702,46.273293057870674
11.4665273673257,47.7451100832308
11.493381061394377,46.868301272433975
11.520234755463056,46.3874597064468
11.547088449531735,47.90261068728824
11.573942143600414,47.12142324454305
11.600795837669091,47.9675207050856
11.62764953173777,47.11290071338227
11.65450322580645,48.289478929202986
11.681356919875126,46.99927569872219
11.708210613943805,47.65877054209107
11.735064308012484,47.487328334097
11.761918002081162,47.53022048258897
11.78877169614984,47.63480821789444
11.81562539021852,47.41036303347824
11.842479084287197,48.63383341176357
11.869332778355876,48.14921726106225
11.896186472424555,47.46325796736501
11.923040166493234,47.98894083839684
11.949893860561911,48.43422402590323
11.97674755463059,49.053161319601045
12.003601248699269,49.16931158283325
12.030454942767946,48.78579967128041
12.057308636836625,48.18039150030722
12.084162330905304,48.89101840538934
12.111016024973981,48.45396239453168
12.13786971904266,48.0565199778916
12.16472341311134,49.23029510504495
12.191577107180018,48.78330682196173
12.218430801248696,48.7855606832933
12.245284495317375,48.89984851959066
12.272138189386053,49.297436247489294
12.29899188345473,48.35677620673892
12.32584557752341,49.02507207814617
12.352699271592089,50.17291972962754
12.379552965660766,49.14445323158678
12.406406659729445,50.10575800829833
12.433260353798124,49.95316372331884
12.460114047866803,49.63011780551473
12.48696774193548,50.16207624804213
12.513821436004159,49.15044457982211
12.540675130072838,49.85082329712435
12.567528824141515,49.8348531242731
12.594382518210194,50.140744932027715
12.621236212278873,50.437997012961745
12.64808990634755,50.4549501962101
12.67494360041623,50.04665189914268
12.701797294484908,51.08680828168876
12.728650988553587,49.878380552091706
12.755504682622265,50.15393455873394
12.782358376690944,49.946701451732444
12.809212070759623,49.927141893890116
12.8360657648283,50.03110408141255
12.862919458896979,50.00640387690023
12.889773152965658,50.05001660303252
12.916626847034335,50.051487686123025
12.943480541103014,50.37044849134464
12.970334235171693,50.60084682635704
12.99718792924037,50.980772819705905
13.02404162330905,50.63843270529541
13.050895317377728,51.42193980063191
13.077749011446407,50.613102568256274
13.104602705515084,51.591715951227144
13.131456399583763,52.15000021045364
13.158310093652442,51.61741922955528
13.18516378772112,51.77686663638666
13.212017481789799,50.959822148350916
13.238871175858478,51.460319391602
13.265724869927155,51.10360006151885
13.292578563995834,51.7288708294419
13.319432258064513,51.972187281539334
13.346285952133192,51.699705326229974
13.373139646201869,51.23073254308236
13.399993340270548,51.566377070641295
13.426847034339227,52.22625140958792
13.453700728407904,51.89745566402805
13.480554422476583,51.96251372212753
13.507408116545262,51.87869417225088
13.53426181061394,51.7814038845815
13.561115504682618,51.98043847221829
13.587969198751297,53.74396546956629
13.614822892819976,52.38038027423005
13.641676586888654,52.33265611852136
13.668530280957333,52.711882543365334
13.695383975026012,52.998384984181264
13.722237669094689,52.22945759624048
13.749091363163368,52.92720280634917
13.775945057232047,52.562318921953064
13.802798751300724,52.16565434857653
13.829652445369403,52.93979872609109
13.856506139438082,52.899472039048995
13.88335983350676,52.729843370602396
13.910213527575438,53.68114619912072
13.937067221644117,53.33716803713846
13.963920915712796,53.43713300155328
13.990774609781473,52.960132350434506
14.017628303850152,53.71852687567854
14.044481997918831,53.011551905465176
14.071335691987509,53.068589802656795
14.098189386056188,52.95813598549688
14.125043080124867,52.800729080869964
14.151896774193544,54.20137322237355
14.178750468262223,53.549476775990925
14.205604162330902,53.315925352441774
14.23245785639958,53.88941717953256
14.259311550468258,53.74467923446825
14.286165244536937,53.843043409900105
14.313018938605616,53.63291062505326
14.339872632674293,53.82905099238656
14.366726326742972,54.76413839746958
14.393580020811651,54.645321997506336
14.420433714880328,55.115867577370274
14.447287408949007,54.544160279589455
14.474141103017686,54.40857813410258
14.500994797086365,54.09862995247841
14.527848491155043,55.023442295191714
14.554702185223722,54.927523153220925
14.5815558792924,54.36422159322125
14.608409573361078,55.13181154250389
14.635263267429757,55.29730589739217
14.662116961498436,54.58919675919501
14.688970655567113,54.9433085645877
14.715824349635792,55.07936481944084
14.74267804370447,55.23486869743963
14.769531737773148,54.972180812629205
14.796385431841827,54.854669965034276
14.823239125910506,55.48051174583974
14.850092819979185,55.20838921415713
14.876946514047862,55.626519715407696
14.903800208116541,55.60180467194282
14.93065390218522,55.14602394723846
14.957507596253897,55.798954080176074
14.984361290322576,54.77605831148425
15.011214984391255,55.03645257543955
15.038068678459933,55.452139040389554
15.064922372528612,55.25354136689506
15.09177606659729,55.54856699161658
15.11862976066597,55.66735135347272
15.145483454734647,57.495397614742174
15.172337148803326,56.33070383114811
15.199190842872005,56.13212181970763
15.226044536940682,56.334954708586544
15.252898231009361,55.67471337418142
15.27975192507804,56.48130015943263
15.306605619146717,55.746622560439604
15.333459313215396,55.96144901082148
15.360313007284075,56.36580027109334
15.387166701352754,56.66484856785372
15.414020395421431,56.309851506181396
15.44087408949011,57.4154546833065
15.46772778355879,56.54625082940363
15.494581477627467,56.99408668527141
15.521435171696146,56.472703124941354
15.548288865764825,56.6424421948165
15.575142559833502,57.32390212084113
15.60199625390218,56.06200757592863
15.62884994797086,57.17344708210351
15.655703642039539,58.298380533478884
15.682557336108216,56.599609821011924
15.709411030176895,56.647869768010466
15.736264724245574,57.920904312658
15.763118418314251,56.88247211256264
15.78997211238293,56.78134336028345
15.81682580645161,57.40803962998818
15.843679500520286,57.12391231424396
15.870533194588965,57.364892277344126
15.897386888657644,56.30292740365632
15.924240582726322,56.85619716966656
15.951094276795,58.07156211542706
15.97794797086368,58.31894548663144
16.00480166493236,57.317795151486685
16.031655359001036,56.99552540602153
16.058509053069713,57.738283354963784
16.085362747138394,58.64385164355246
16.11221644120707,58.561833427047496
16.13907013527575,59.30955860171358
16.16592382934443,58.648143941098006
16.192777523413106,58.85054498650294
16.219631217481787,57.48784155718507
16.246484911550464,58.5878169809538
16.27333860561914,57.08585303379468
16.300192299687822,57.91394153980992
16.3270459937565,58.92461584654305
16.353899687825177,57.89168805132773
16.380753381893857,57.9894683047253
16.407607075962535,59.52616765687206
16.43446077003121,59.140124442919095
16.461314464099893,58.569298022647764
16.48816815816857,59.12520410399832
16.515021852237247,58.09580889342398
16.541875546305928,58.84506540937303
16.568729240374605,58.47929258483815
16.595582934443282,59.07123627813962
16.622436628511963,59.42424557206611
16.64929032258064,59.29493954356936
16.67614401664932,58.179659543771464
16.702997710717998,59.217642832473615
16.729851404786675,60.23609347852781
16.756705098855356,59.11566701345134
16.783558792924033,59.51189750006435
16.81041248699271,59.56307582862342
16.83726618106139,58.90543423373459
16.86411987513007,60.27008410621831
16.890973569198746,59.7609705359721
16.917827263267426,59.83293861270334
16.944680957336104,59.76558452150052
16.97153465140478,60.19962520209623
16.99838834547346,59.91948661735032
17.02524203954214,59.96286140579152
17.052095733610816,59.66613778245173
17.078949427679497,60.28357084934311
17.105803121748174,60.965007978923296
17.13265681581685,59.99945571981519
17.159510509885532,59.839658752821556
17.18636420395421,60.161355036477794
17.213217898022886,60.772466289221896
17.240071592091567,61.09935530252527
17.266925286160244,60.95322882218211
17.293778980228925,60.54957017758941
17.320632674297602,60.372599510747094
17.34748636836628,60.0734444144858
17.37434006243496,61.32712379498358
17.401193756503638,60.472538646349335
17.428047450572315,60.835688267379204
17.454901144640996,61.176522043441864
17.481754838709673,60.942618836162005
17.50860853277835,61.10097701508816
17.53546222684703,60.80155336695776
17.562315920915708,61.095024479738065
17.589169614984385,61.430312523896625
17.616023309053066,60.964380348869526
17.642877003121743,61.136188838113554
17.66973069719042,62.22512424537807
17.6965843912591,61.98677657416552
17.72343808532778,61.189923821402694
17.750291779396456,61.765121035217824
17.777145473465136,61.21376731010935
17.803999167533814,61.45611690641475
17.83085286160249,61.26456749549497
17.85770655567117,60.90687308013713
17.88456024973985,61.17037037928238
17.91141394380853,60.875173452679356
17.938267637877207,61.36130765634821
17.965121331945884,61.80845455682023
17.991975026014565,62.68233326106445
18.018828720083242,61.565678297443
18.04568241415192,61.08401482985545
18.0725361082206,61.60278061238779
18.099389802289277,62.187757456140254
18.126243496357954,62.79569035373274
18.153097190426635,62.59114432372559
18.179950884495312,62.14584996182726
18.20680457856399,63.030766191962265
18.23365827263267,62.670541667467035
18.260511966701348,62.06374875796735
18.287365660770025,62.29898962133059
18.314219354838706,63.01405181609592
18.341073048907383,62.10927305938427
18.36792674297606,62.77058549131612
18.39478043704474,61.56732306118698
18.421634131113418,62.51589032044704
18.4484878251821,62.797568603770316
18.475341519250776,62.67402613529509
18.502195213319453,62.341679150105044
18.529048907388134,62.62397823973738
18.55590260145681,63.029483026483945
18.58275629552549,62.51928605764296
18.60960998959417,63.87602886803873
18.636463683662846,63.278183252455996
18.663317377731524,63.12988857043912
18.690171071800204,64.2073198440428
18.71702476586888,63.18369828264779
18.74387845993756,62.54806774326223
18.77073215400624,62.41376499770034
18.797585848074917,64.27249065755493
18.824439542143594,64.19498111355195
18.851293236212275,63.836637374599434
18.878146930280952,63.70381629426091
18.90500062434963,62.876297657062345
18.93185431841831,63.83182444231552
18.958708012486987,63.26598907124576
18.985561706555664,64.08499342342374
19.012415400624345,64.15378033609247
19.039269094693022,63.745923789972636
19.066122788761703,64.17347750726091
19.09297648283038,63.65618319667768
19.119830176899058,64.70795800993807
19.14668387096774,64.95860532862399
19.173537565036415,64.5547736294909
19.200391259105093,63.41244662256443
19.227244953173773,63.66781108374519
19.25409864724245,64.58292475288249
19.280952341311128,63.865334190624694
19.30780603537981,64.21040659139737
19.334659729448486,64.78096282293201
19.361513423517163,65.15721286153058
19.388367117585844,64.2918649950281
19.41522081165452,63.80317298909587
19.4420745057232,63.876749067739944
19.46892819979188,64.67443972121099
19.495781893860556,64.7782648284743
19.522635587929233,63.96407738207307
19.549489281997914,64.61130454405341
19.57634297606659,64.47973948502045
19.603196670135272,64.92568418136142
19.63005036420395,65.09410279401418
19.656904058272627,65.09788536757151
19.683757752341307,65.15028462608741
19.710611446409985,64.94422699152031
19.737465140478662,64.48779813117405
19.764318834547343,64.79652309564362
19.79117252861602,65.18028298193472
19.818026222684697,65.30986644638375
19.844879916753378,65.36525719270502
19.871733610822055,65.43581547979224
19.898587304890732,65.36992962010913
19.925440998959413,65.22647783950008
19.95229469302809,65.71077662551309
19.979148387096767,65.56850967237449
20.006002081165448,66.22144341112096
20.032855775234125,64.57588598042757
20.059709469302803,66.04267944618755
20.086563163371483,65.63855499645749
20.11341685744016,65.48583945424478
20.140270551508838,65.57493836651307
20.16712424557752,65.696561499103
20.193977939646196,66.9160834372686
20.220831633714877,65.54732902472998
20.247685327783554,65.62699301624822
20.27453902185223,65.63729159172449
20.30139271592091,66.17831787269822
20.32824640998959,66.39636104534874
20.355100104058266,65.41253878872425
20.381953798126947,66.55207721190236
20.408807492195624,66.65323398984569
20.4356611862643,66.21729626830519
20.462514880332982,66.79119719609295
20.48936857440166,66.04690452217868
20.516222268470337,66.64950353464677
20.543075962539017,65.60436683077248
20.569929656607695,66.05595604086167
20.596783350676372,67.32611157238581
20.623637044745053,67.07683815582087
20.65049073881373,65.79299469419048
20.677344432882407,66.58628418429706
20.704198126951088,66.09107775577463
20.731051821019765,66.14422551005556
20.757905515088442,67.42524115060198
20.784759209157123,67.35411653997176
20.8116129032258,67.17622853310124
20.83846659729448,67.08291396853298
20.865320291363158,66.60790081236178
20.892173985431835,66.75858808912969
20.919027679500516,66.93323611836568
20.945881373569193,66.5126633854863
20.97273506763787,67.91216008524832
20.99958876170655,67.38048205990798
21.02644245577523,67.48013674688833
21.053296149843906,66.93010255954702
21.080149843912587,67.2894325999616
21.107003537981264,67.57170179739623
21.13385723204994,67.66171643833292
21.16071092611862,67.09742108201824
21.1875646201873,67.93459231421745
21.214418314255976,68.17851837257668
21.241272008324657,68.23329315904124
21.268125702393334,67.4755223014007
21.29497939646201,68.03338169379202
21.321833090530692,68.07861879378149
21.34868678459937,67.93128849861588
21.37554047866805,67.71497892690633
21.402394172736727,68.77379065924444
21.429247866805404,67.73827738696143
21.456101560874085,69.33551216446489
21.482955254942762,67.58906096651891
21.50980894901144,68.19241999785207
21.53666264308012,68.32968883703795
21.563516337148798,68.58958452601084
21.590370031217475,68.14992181573446
21.617223725286156,67.99853264700978
21.644077419354833,68.9599962305463
21.67093111342351,67.89659228399164
21.69778480749219,68.31165185754797
21.724638501560868,68.14336862204904
21.751492195629545,69.73537693699329
21.778345889698226,67.51469194028364
21.805199583766903,67.8803189320878
21.83205327783558,68.6683164279178
21.85890697190426,68.75108769682039
21.88576066597294,68.61459970234321
21.912614360041616,69.479204586807
21.939468054110296,68.78198206406437
21.966321748178974,68.31471014937918
21.993175442247654,68.48797953838486
22.02002913631633,68.28088389121358
22.04688283038501,68.19513983232216
22.07373652445369,69.55841589579573
22.100590218522367,69.90204073711304
22.127443912591044,69.24858256525377
22.154297606659725,69.44736563863138
22.181151300728402,68.29910142570614
22.20800499479708,68.77951938553804
22.23485868886576,69.0955233603689
22.261712382934437,68.84772133950672
22.288566077003114,69.07453745162707
22.315419771071795,68.97761372484844
22.342273465140472,69.96850289342481
22.36912715920915,69.90641132720796
22.39598085327783,69.74045225252985
22.422834547346508,69.73484509328591
22.449688241415185,70.02411748591953
22.476541935483866,70.10877736938068
22.503395629552543,70.88711375314655
22.530249323621224,69.41418866049447
22.5571030176899,69.11171486044645
22.583956711758578,69.24369262864835
22.61081040582726,70.82213023460498
22.637664099895936,69.16480895635445
22.664517793964613,69.77063068402553
22.691371488033294,69.3636425339134
22.71822518210197,69.56488361062424
22.74507887617065,70.1736117205347
22.77193257023933,70.59369831069047
22.798786264308006,70.09976748498389
22.825639958376684,69.73264779083698
22.852493652445364,70.3363843380791
22.87934734651404,70.84687842852118
22.90620104058272,70.20795649824178
22.9330547346514,70.79442990128025
22.959908428720077,69.8410964594812
22.986762122788754,69.9581770938892
23.013615816857435,69.97241661630068
23.040469510926112,70.44338264403582
23.06732320499479,70.66139592484302
23.09417689906347,70.49864363753584
23.121030593132147,70.19706898146919
23.147884287200828,70.43832635986286
23.174737981269505,70.87098954576534
23.201591675338182,70.27325937045012
23.228445369406863,70.39203313415928
23.25529906347554,70.4840741828294
23.282152757544218,70.32776637233826
23.3090064516129,70.11504629539151
23.335860145681576,70.67478351432467
23.362713839750253,71.03950688719756
23.389567533818933,70.47979917261833
23.41642122788761,71.14868938436955
23.443274921956288,71.8380614623088
23.47012861602497,71.6491445126859
23.496982310093646,70.63783037866826
23.523836004162323,71.00484417716208
23.550689698231004,71.75586547143489
23.57754339229968,70.9614064569287
23.60439708636836,70.90076626536991
23.63125078043704,71.22493960209641
23.658104474505716,71.21104854304156
23.684958168574394,72.40568234376595
23.711811862643074,71.51106481608164
23.73866555671175,71.05933583896706
23.765519250780432,71.6432738238904
23.79237294484911,71.02753120073963
23.819226638917787,70.87556380613519
23.846080332986467,71.23698433547287
23.872934027055145,71.55375987837208
23.899787721123822,71.2572987394269
23.926641415192503,71.14078847263731
23.95349510926118,71.62304373001072
23.980348803329857,71.28556932243511
24.007202497398538,72.22791498591137
24.034056191467215,72.30649341703872
24.060909885535892,71.66559584769213
24.087763579604573,71.90613677138255
24.11461727367325,72.59909793634202
24.141470967741927,71.72028246987874
24.16832466181061,71.93842961584348
24.195178355879285,72.09608416800461
24.222032049947963,73.28534704185095
24.248885744016643,71.75553769755435
24.27573943808532,71.98457436714884
24.302593132154,73.07229875702129
24.32944682622268,71.61694419390815
24.356300520291356,71.91036953839539
24.383154214360037,71.64963169170943
24.410007908428714,71.55934694355271
24.43686160249739,72.14647403315361
24.463715296566072,73.04977593782236
24.49056899063475,73.13501332182865
24.517422684703426,72.33282961799601
24.544276378772107,72.49317920555096
24.571130072840784,72.64633125213348
24.59798376690946,72.63853419059062
24.624837460978142,73.02100481277338
24.65169115504682,73.82688255248993
24.678544849115497,71.68532270990036
24.705398543184177,72.21423009140956
24.732252237252855,72.89607885990826
24.759105931321532,72.87722502320683
24.785959625390213,72.7807658761682
24.81281331945889,72.94422782367441
24.839667013527567,73.18067598491984
24.866520707596248,72.72487226433142
24.893374401664925,72.02549973630656
24.920228095733606,73.20015870052832
24.947081789802283,72.87348971155203
24.97393548387096,73.43788566297636
25.00078917793964,73.4991048564714
25.027642872008318,72.96258172004832
25.054496566076995,73.90250117437263
25.081350260145676,73.19614346976702
25.108203954214353,74.69969980383335
25.13505764828303,73.21746445019495
25.16191134235171,73.44429426978779
25.18876503642039,73.02218323658293
25.215618730489066,73.53458614192412
25.242472424557747,74.3186293903771
25.269326118626424,74.42435648366802
25.2961798126951,74.26381775356376
25.32303350676378,73.28020518284009
25.34988720083246,73.43025353918554
25.376740894901136,74.265687196183
25.403594588969817,73.50270722165098
25.430448283038494,73.41145724769932
25.457301977107175,72.8889815077512
25.484155671175852,73.58233756762016
25.51100936524453,74.0393340778315
25.53786305931321,74.70107163010285
25.564716753381887,74.26534473413614
25.591570447450565,74.3722917352646
25.618424141519245,73.19760254492735
25.645277835587923,74.38761645253913
25.6721315296566,74.09355056997416
25.69898522372528,74.08649823109394
25.725838917793958,73.57236435704546
25.752692611862635,73.56175335353534
25.779546305931316,73.97861490561671
25.806399999999993,73.99072449213497
25.83325369406867,74.76043491479183
25.86010738813735,73.72802562244951
25.886961082206028,74.70345998014763
25.913814776274705,73.68341085153939
25.940668470343386,74.43507762707807
25.967522164412063,75.01204124235909
25.99437585848074,75.09684154065157
26.02122955254942,74.22645859229375
26.0480832466181,74.59222958586064
26.07493694068678,74.71520182902903
26.101790634755456,75.11022357296089
26.128644328824134,75.12705876723228
26.155498022892814,73.88044346945269
26.18235171696149,75.28910979931217
26.20920541103017,74.51263404425521
26.23605910509885,74.57687816024969
26.262912799167527,74.89599012672738
26.289766493236204,74.4651554231659
26.316620187304885,75.57202018213793
26.343473881373562,74.16686462866078
26.37032757544224,75.07933563093856
26.39718126951092,74.49278507182393
26.424034963579597,75.04098736048122
26.450888657648274,74.94002003187364
26.477742351716955,75.26535864086541
26.504596045785632,75.32848686257178
26.53144973985431,74.27935054943619
26.55830343392299,75.59230859316436
26.585157127991668,75.28518279143347
26.612010822060345,75.61465087340758
26.638864516129026,74.97839180904275
26.665718210197703,75.52166313585886
26.692571904266384,74.66602535594431
26.71942559833506,75.92722092996195
26.746279292403738,75.90327319429754
26.77313298647242,75.26725302288172
26.799986680541096,75.66877789882139
26.826840374609773,75.68881885902762
26.853694068678454,74.84967386945375
26.88054776274713,75.684922963032
26.90740145681581,75.66825687491988
26.93425515088449,75.77662093598893
26.961108844953166,75.70110137792342
26.987962539021844,76.00664410647198
27.014816233090524,75.26070797614851
27.0416699271592,75.8583122457403
27.06852362122788,75.71176485029861
27.09537731529656,76.32456949727528
27.122231009365237,75.77163219671482
27.149084703433914,77.05007301662495
27.175938397502595,75.83451504135117
27.202792091571272,75.94535228301899
27.229645785639953,76.54833096675775
27.25649947970863,76.74144233728659
27.283353173777307,76.81632204673086
27.310206867845988,75.63995532155495
27.337060561914665,76.2077259148662
27.363914255983342,75.95568012595146
27.390767950052023,77.04085109414272
27.4176216441207,76.43418652156676
27.444475338189378,76.96612735834748
27.47132903225806,76.90739593803917
27.498182726326736,76.11076645486582
27.525036420395413,76.17287480891821
27.551890114464094,76.46429024939617
27.57874380853277,76.44088374101533
27.605597502601448,76.34096563234749
27.63245119667013,76.60145601783812
27.659304890738806,76.4857113058151
27.686158584807483,76.48759249395094
27.713012278876164,76.94363557482795
27.73986597294484,76.43152172263
27.76671966701352,76.70786020483479
27.7935733610822,77.32462063095224
27.820427055150876,75.78031196833852
27.847280749219557,76.68286723559959
27.874134443288234,76.93360550554151
27.90098813735691,77.08848280886316
27.927841831425592,76.91663423014177
27.95469552549427,76.99822497552259
27.981549219562947,77.48803349995349
28.008402913631627,76.81057065923889
28.035256607700305,76.88734543877379
28.062110301768982,76.56894722793466
28.088963995837663,77.46734613515713
28.11581768990634,77.1786793966519
28.142671383975017,77.33769674881457
28.169525078043698,77.60448432252079
28.196378772112375,76.719488074246
28.223232466181052,77.23624201762934
28.250086160249733,78.80636209736414
28.27693985431841,78.08651752106375
28.303793548387087,77.93185999633681
28.33064724245577,77.37495419121832
28.357500936524445,77.07000953034421
28.384354630593126,77.31125061864508
28.411208324661803,78.8465729073525
28.43806201873048,77.95432581867168
28.46491571279916,77.45246845386819
28.49176940686784,77.79935620212319
28.518623100936516,76.67651952398211
28.545476795005197,78.28436040038054
28.572330489073874,77.31502271895882
28.59918418314255,77.30813428168909
28.626037877211232,78.25919823265478
28.65289157127991,77.78170201087664
28.679745265348586,77.43178314208465
28.706598959417267,78.0370671789932
28.733452653485944,77.30381689844954
28.76030634755462,77.7500114344527
28.787160041623302,78.00498059085982
28.81401373569198,77.70930384193798
28.840867429760657,77.67338517468708
28.867721123829337,78.30786250755196
28.894574817898015,77.84301345840093
28.921428511966692,78.79717673215684
28.948282206035373,77.16871797823458
28.97513590010405,77.9774018594935
29.00198959417273,78.6177806654595
29.028843288241408,78.32999297036335
29.055696982310085,79.13949197690555
29.082550676378766,78.66643054127083
29.109404370447443,78.5553795776329
29.13625806451612,78.46124831313801
29.1631117585848,78.145052261374
29.189965452653478,78.47499978034115
29.216819146722155,78.52415827741746
29.243672840790836,78.91522504679145
29.270526534859513,77.93443281830442
29.29738022892819,77.60186358411423
29.32423392299687,77.50318792721964
29.35108761706555,78.62003431588447
29.377941311134226,77.5162806405698
29.404795005202907,78.86426229189725
29.431648699271584,78.27481958684876
29.45850239334026,77.10656974898767
29.48535608740894,78.92218748471147
29.51220978147762,78.40224237074506
29.539063475546296,77.23349098855891
29.565917169614977,79.19002018963623
29.592770863683654,78.07893215642524
29.619624557752335,78.45094584757935
29.646478251821012,78.76147473940266
29.67333194588969,78.58660841995095
29.70018563995837,79.85112505973864
29.727039334027047,78.71358786063726
29.753893028095725,78.46521588806473
29.780746722164405,78.38211302373156
29.807600416233083,79.18430269946235
29.83445411030176,79.52315035290087
29.86130780437044,79.66814536793666
29.888161498439118,79.13888033825059
29.915015192507795,79.2822019202238
29.941868886576476,78.65626179445539
29.968722580645153,79.76609664262803
29.99557627471383,78.55045058720334
30.02242996878251,78.76847632493396
30.049283662851188,79.63424925459884
30.076137356919865,80.15528858165011
30.102991050988546,79.24497563563212
30.129844745057223,79.52461999215836
30.156698439125904,79.81989819979243
30.18355213319458,80.32155013028483
30.21040582726326,79.70224580976003
30.23725952133194,79.47543439903946
30.264113215400616,79.47539907645894
30.290966909469294,78.8432133350999
30.317820603537974,79.33251319576642
30.34467429760665,79.86482977295529
30.37152799167533,80.31293438013677
30.39838168574401,79.71648001525124
30.425235379812687,79.47862704045376
30.452089073881364,80.11175702264089
30.478942767950045,79.63948533622366
30.505796462018722,79.80378465865218
30.5326501560874,79.91094063900131
30.55950385015608,79.13473732714934
30.586357544224757,79.13622677704987
30.613211238293434,79.45044606311788
30.640064932362115,80.61178291387891
30.666918626430792,79.91006396029961
30.69377232049947,79.76688139566075
30.72062601456815,78.90470181785085
30.747479708636828,80.94959524712473
30.77433340270551,80.3250816235185
30.801187096774186,80.38283584579457
30.828040790842863,80.01605223950358
30.854894484911544,80.39310312621092
30.88174817898022,79.82363504384756
30.908601873048898,80.09542064016469
30.93545556711758,79.71496948851916
30.962309261186256,79.4043092659216
30.989162955254933,80.60089251663278
31.016016649323614,80.17006283203258
31.04287034339229,79.83047558262176
31.06972403746097,80.96705051194422
31.09657773152965,79.61849035863628
31.123431425598326,78.99756356054425
31.150285119667004,80.96538316185911
31.177138813735684,80.77473754207763
31.20399250780436,80.75832917375301
31.23084620187304,80.59692881303368
31.25769989594172,80.695277201691
31.284553590010397,80.02768448773035
31.311407284079078,81.25861688939051
31.338260978147755,80.55893760896707
31.365114672216432,80.82605190982893
31.391968366285113,81.69902587131156
31.41882206035379,81.98252183043795
31.445675754422467,81.16540670036798
31.472529448491148,79.26335658029092
31.499383142559825,80.77827280178548
31.526236836628502,81.67411912592509
31.553090530697183,80.37588120856866
31.57994422476586,80.96418081624572
31.606797918834538,80.5456282442851
31.63365161290322,80.96734471464511
31.660505306971896,81.39673954551427
31.687359001040573,81.28931344658335
31.714212695109254,81.72643365549337
31.74106638917793,80.7151165752369
31.767920083246608,80.32771261761167
31.79477377731529,81.26876049868854
31.821627471383966,81.58163427605537
31.848481165452643,80.85248683833807
31.875334859521324,81.49784544436459
31.90218855359,80.43063730402424
31.929042247658682,80.51026529281883
31.95589594172736,81.09307004954289
31.982749635796036,80.36334391651089
32.00960332986472,81.37968574359783
32.036457023933394,81.6434618758907
32.06331071800207,81.79780068624362
32.09016441207075,81.26252257831177
32.117018106139426,81.12909400469908
32.14387180020811,81.24867689039866
32.17072549427679,82.14888253783305
32.197579188345465,81.28979639959752
32.22443288241414,81.0504546824288
32.25128657648282,81.56334968748924
32.2781402705515,80.85494625275298
32.30499396462018,81.25641339225248
32.33184765868886,81.57795204298891
32.358701352757535,81.60272013116133
32.38555504682621,82.14865103081377
32.41240874089489,80.70194825477064
32.439262434963574,81.32722556474411
32.46611612903225,80.93166137708809
32.49296982310093,80.99220431985341
32.519823517169606,81.24918001479752
32.54667721123828,81.43076638004217
32.57353090530696,82.02425576789777
32.600384599375644,82.127543810842
32.62723829344432,81.13673094593611
32.654091987513,82.1465028425761
32.680945681581676,81.65979405694303
32.70779937565035,82.10510365716956
32.73465306971903,81.39939419855112
32.761506763787715,82.53543511777227
32.78836045785639,81.8277975794816
32.81521415192507,81.02499661301651
32.842067845993746,82.09929003224653
32.86892154006242,81.73889444564865
32.89577523413111,82.07346300176783
32.922628928199785,81.77425879865469
32.94948262226846,81.35184923990838
32.97633631633714,82.01668274798135
33.00319001040582,81.69819974305231
33.030043704474494,81.34034394207502
33.05689739854318,82.26713007808068
33.083751092611855,81.71858043702342
33.11060478668053,81.59736171519162
33.13745848074921,82.22374784336395
33.16431217481789,82.04127308702716
33.191165868886564,82.38061237512105
33.21801956295525,82.2609608667749
33.244873257023926,82.76574862097766
33.2717269510926,81.83676943494763
33.29858064516128,82.45202757923664
33.32543433922996,82.26374937936197
33.35228803329864,83.45819860855951
33.37914172736732,82.45809176914614
33.405995421435996,83.6544388010757
33.43284911550467,82.97101401573394
33.45970280957335,81.62203317059593
33.48655650364203,82.58128210873016
33.51341019771071,82.0086669441141
33.54026389177939,82.15337225833451
33.56711758584807,83.13320345870275
33.593971279916744,82.56100452185787
33.62082497398542,82.4764969994504
33.6476786680541,82.73166443928888
33.67453236212278,82.53905732972994
33.70138605619146,82.10203626172965
33.72823975026014,82.86803301953056
33.755093444328814,82.07256955577418
33.78194713839749,83.52806146591256
33.80880083246617,84.044317612228
33.83565452653485,83.13967862074054
33.86250822060353,82.03217542211618
33.88936191467221,81.39660901929248
33.916215608740885,81.8006592874432
33.94306930280956,82.651700707978
33.969922996878246,82.6413130191422
33.99677669094692,82.6090031444716
34.0236303850156,83.05082753357769
34.05048407908428,82.43264832740091
34.077337773152955,83.78998305560832
34.10419146722163,83.03379383063672
34.13104516129032,82.40362278188196
34.157898855358994,83.44756393238868
34.18475254942767,82.16277350193428
34.21160624349635,83.21272854237837
34.238459937565025,83.80908943724984
34.2653136316337,83.51364394873623
34.29216732570239,83.1092817447351
34.319021019771064,83.52226918678402
34.34587471383974,83.60827678242941
34.37272840790842,83.24864671533828
34.399582101977096,83.79770298380097
34.42643579604577,82.27070804374415
34.45328949011446,83.11085431620003
34.480143184183135,82.88626400943353
34.50699687825181,83.5182212748623
34.53385057232049,83.63104261567752
34.560704266389166,82.80001921021754
34.58755796045785,83.95586099260481
34.61441165452653,83.76489965729607
34.641265348595205,83.6200983272727
34.66811904266388,83.21094500365756
34.69497273673256,83.7264576480244
34.72182643080124,83.20532535415295
34.74868012486992,83.67398855287529
34.7755338189386,83.99909778244336
34.802387513007275,83.45948893618694
34.82924120707595,83.71032365002901
34.85609490114463,83.55125428418015
34.88294859521331,83.87535455557732
34.90980228928199,83.62283086633146
34.93665598335067,83.90302589322779
34.963509677419346,84.44116580912328
34.99036337148802,84.20301665926232
35.0172170655567,83.89455758049633
35.04407075962538,83.73419797790368
35.07092445369406,84.01194830555782
35.09777814776274,83.10633648500195
35.124631841831416,84.6766002006557
35.15148553590009,83.7646658275647
35.17833922996877,84.08680672689037
35.205192924037455,83.7815069357695
35.23204661810613,84.18589781868485
35.25890031217481,84.05260650302336
35.28575400624349,84.69596638633429
35.312607700312164,84.00126629631553
35.33946139438084,83.93948779341815
35.366315088449525,83.9850976478541
35.3931687825182,84.03529218462917
35.42002247658688,85.08859547513872
35.44687617065556,84.17527834356054
35.473729864724234,84.80810345665193
35.50058355879291,84.35681422599573
35.527437252861596,84.08899994802366
35.55429094693027,84.11993807203277
35.58114464099895,84.50581728273507
35.60799833506763,84.27127038935942
35.634852029136304,84.06541547717119
35.66170572320498,84.64681771896643
35.688559417273666,83.97482299962012
35.71541311134234,84.60926308355397
35.74226680541102,84.49339004308047
35.7691204994797,84.9470875281971
35.795974193548375,83.50128710441935
35.82282788761706,83.86411557866164
35.849681581685736,84.70484545830551
35.876535275754414,84.39497203396544
35.90338896982309,84.56880313860654
35.93024266389177,84.28811476454017
35.957096357960445,84.03530833103208
35.98395005202913,84.59822205961844
36.01080374609781,83.9381488703615
36.037657440166484,84.47760720327148
36.06451113423516,85.38050981970292
36.09136482830384,84.40394848455735
36.118218522372516,83.93417057332913
36.1450722164412,84.51518615285887
36.17192591050988,84.4503774671578
36.198779604578554,84.96031939171893
36.22563329864723,85.33475373807009
36.25248699271591,84.54746207323286
36.27934068678459,85.18225485368755
36.30619438085327,84.95626101179845
36.33304807492195,84.68524050322016
36.359901768990625,85.07670746897747
36.3867554630593,85.02851129231692
36.41360915712798,84.89408433393112
36.44046285119666,85.32304821567477
36.46731654526534,85.1540991130028
36.49417023933402,86.19533087841185
36.521023933402695,85.3494655592165
36.54787762747137,84.57468220691517
36.57473132154005,85.37121072538814
36.601585015608734,84.83916380019443
36.62843870967741,84.88831817064975
36.65529240374609,85.53752218867295
36.682146097814766,84.70729629224432
36.70899979188344,86.3614575531689
36.73585348595212,85.07678074813073
36.762707180020804,85.55252710573407
36.78956087408948,84.8252899115585
36.81641456815816,84.93576692122642
36.843268262226836,85.57927696192064
36.87012195629551,84.51744358180298
36.8969756503642,86.47924153803086
36.923829344432875,85.19775823418155
36.95068303850155,85.49946998838193
36.97753673257023,86.61539951161929
37.004390426638906,85.08190669219499
37.03124412070758,85.35127855208104
37.05809781477627,84.61172311327971
37.084951508844945,85.85044252615965
37.11180520291362,85.43281856508519
37.1386588969823,85.98319105193657
37.16551259105098,85.21306691166096
37.192366285119654,85.4600331096849
37.21921997918834,85.0666489343341
37.246073673257015,85.20392630244477
37.27292736732569,85.81019430549465
37.29978106139437,85.34426662738294
37.32663475546305,85.81046975870613
37.353488449531724,85.96412701367406
37.38034214360041,86.01973167612
37.407195837669086,85.88463090718967
37.43404953173776,85.9214404238535
37.46090322580644,85.12974723763877
37.48775691987512,86.05014084918948
37.5146106139438,85.3688890743729
37.54146430801248,85.11768092017383
37.568318002081156,85.805787706144
37.59517169614983,85.56508307030661
37.62202539021851,86.08165396384605
37.64887908428719,85.01629749539
37.67573277835587,85.22616072860941
37.70258647242455,85.91576774096016
37.72944016649323,85.39316045007075
37.756293860561904,85.75245181863617
37.78314755463058,86.04553582419871
37.81000124869926,86.67588457914955
37.83685494276794,85.51150951415616
37.86370863683662,85.48966486659678
37.8905623309053,85.93724946183603
37.917416024973974,86.25741141077968
37.94426971904265,86.188864531699
37.97112341311133,86.02296356395122
37.99797710718001,86.57423200528225
38.02483080124869,85.46083205339043
38.05168449531737,86.37519381055677
38.078538189386045,86.19317381930723
38.10539188345472,86.35928517514216
38.132245577523406,86.69748599068544
38.15909927159208,86.6596200099189
38.18595296566076,86.30285316830914
38.21280665972944,85.59709562948579
38.239660353798115,85.93413082291906
38.26651404786679,86.272750548702
38.29336774193548,86.63446140728121
38.320221436004154,86.23436622083508
38.34707513007283,86.6713536300684
38.37392882414151,86.73996954274344
38.400782518210185,86.83764713225563
38.42763621227886,86.42567328164169
38.45448990634755,86.85354568693307
38.481343600416224,85.3720213582623
38.5081972944849,87.22214068988251
38.53505098855358,87.28261733009039
38.561904682622256,87.33817745797644
38.58875837669093,87.14871923294483
38.61561207075962,85.5606866803932
38.642465764828295,85.6454581655963
38.66931945889697,86.70864940833721
38.69617315296565,86.86698973457845
38.723026847034326,86.86680130343176
38.74988054110301,86.22695598698498
38.77673423517169,86.80188289238993
38.803587929240365,85.84400406934176
38.83044162330904,86.73476692383375
38.85729531737772,87.01710001265458
38.8841490114464,87.37802066157057
38.91100270551508,86.80857395270252
38.93785639958376,86.91200770422482
38.964710093652435,86.53812132549965
38.99156378772111,86.491957263677
39.01841748178979,88.14861666709086
39.04527117585847,86.42648664955334
39.07212486992715,87.4541656351105
39.09897856399583,85.96251809589934
39.125832258064506,86.69630664894122
39.15268595213318,86.84732380797688
39.17953964620186,87.07838066638439
39.206393340270544,86.97951651847698
39.23324703433922,86.39852873926579
39.2601007284079,86.42273216940124
39.286954422476576,85.720124290266
39.31380811654525,86.83357787451875
39.34066181061393,86.5594874699278
39.367515504682615,87.02044296046009
39.39436919875129,87.36902857938117
39.42122289281997,86.84336788825166
39.44807658688865,87.48195816398913
39.474930280957324,86.82940660734207
39.501783975026,87.17831646073887
39.528637669094685,86.93137281319561
39.55549136316336,86.80063010157107
39.58234505723204,87.42979292894319
39.60919875130072,87.46313939534849
39.636052445369394,87.65415204002458
39.66290613943807,87.19600922104493
39.689759833506756,87.81857273283711
39.71661352757543,88.2628961065674
39.74346722164411,87.44610287936104
39.77032091571279,87.26989032337492
39.797174609781464,86.08614915894772
39.82402830385015,87.6735087342845
39.850881997918826,86.62922864623008
39.8777356919875,87.32619484977698
39.90458938605618,87.48260003971033
39.93144308012486,87.64151201926425
39.958296774193535,87.06849422999503
39.98515046826222,87.8678323562361
40.012004162330896,88.04954137504151
40.038857856399574,86.97008459338637
40.06571155046825,86.990224526761
40.09256524453693,87.7813046922081
40.119418938605605,87.28551322227644
40.14627263267429,87.61090610998933
40.17312632674297,86.85330700027727
40.199980020811644,87.43716202814053
40.22683371488032,87.0545676153663
40.253687408949,87.72075940246015
40.280541103017676,86.70855584076163
40.30739479708636,87.30631293038168
40.33424849115504,86.71354901121603
40.361102185223714,87.43026251058255
40.38795587929239,87.77113027073933
40.41480957336107,87.43636655461006
40.44166326742975,88.23768008676387
40.46851696149843,87.46039504410666
40.49537065556711,88.33088419193324
40.522224349635785,87.31275775716895
40.54907804370446,88.34476887292082
40.57593173777314,87.76918161841225
40.60278543184182,87.69523460438951
40.6296391259105,87.84467194573685
40.65649281997918,87.50519483526337
40.683346514047855,87.71240171432454
40.71020020811653,88.89537935756182
40.73705390218521,87.50022111424123
40.763907596253894,87.62821760447761
40.79076129032257,87.57296855835685
40.81761498439125,87.84534674876778
40.844468678459926,87.92545026894899
40.8713223725286,88.09132514358052
40.89817606659728,87.53998388590264
40.925029760665964,88.4532778066002
40.95188345473464,88.31459369021736
40.97873714880332,87.09693937914045
41.005590842871996,88.5227483543854
41.03244453694067,87.72679407227757
41.05929823100936,88.37025154130649
41.086151925078035,87.81391156075861
41.11300561914671,87.93429943461895
41.13985931321539,88.70438543759217
41.166713007284066,88.07025126038894
41.193566701352744,87.55060888651862
41.22042039542143,88.14694939887069
41.247274089490105,88.0305332881532
41.27412778355878,87.44161300944185
41.30098147762746,87.96937278032578
41.32783517169614,88.04298314105782
41.354688865764814,88.24181097923386
41.3815425598335,89.00493108964343
41.408396253902175,88.13240848787545
41.43524994797085,88.72179398253463
41.46210364203953,88.19414419357135
41.48895733610821,88.12142015690401
41.515811030176884,87.60508247376447
41.54266472424557,89.38243117383236
41.569518418314246,87.95113118898736
41.59637211238292,87.4319769875047
41.6232258064516,88.37555169128318
41.65007950052028,88.14039191300182
41.67693319458896,87.96896098320721
41.70378688865764,87.50591723352542
41.730640582726316,89.19036350753726
41.75749427679499,88.48524693260818
41.78434797086367,87.85506689139835
41.81120166493235,89.23924469340163
41.83805535900103,89.07374141362865
41.86490905306971,89.65351691884112
41.89176274713839,89.05042431310365
41.918616441207064,89.351900130048
41.94547013527574,89.13793403482407
41.97232382934442,88.28288112040164
41.9991775234131,89.0761074626977
42.02603121748178,88.00863988866176
42.05288491155046,88.53609265356705
42.079738605619134,88.23621103551858
42.10659229968781,88.15558627389017
42.133445993756496,88.79953707723945
42.16029968782517,89.3263653785612
42.18715338189385,88.48430855406023
42.21400707596253,88.45906986021483
42.240860770031205,88.69008567890737
42.26771446409988,88.55743985420177
42.294568158168566,89.0206742305475
42.32142185223724,88.56252546364313
42.34827554630592,89.21378336821964
42.3751292403746,88.41512898280148
42.401982934443275,88.21356472179241
42.42883662851195,88.89414003947388
42.45569032258064,88.08882998943196
42.482544016649314,89.00141139480257
42.50939771071799,88.20452943978798
42.53625140478667,88.40293875065939
42.563105098855345,89.2707335158601
42.58995879292402,89.8685948870674
42.61681248699271,88.24683800766991
42.643666181061384,88.32246297295981
42.67051987513006,88.92034658400748
42.69737356919874,89.50820592445912
42.724227263267416,89.41878776960291
42.7510809573361,88.39637597022595
42.77793465140478,88.2834904345652
42.804788345473455,88.49322305606127
42.83164203954213,89.05783967950276
42.85849573361081,88.58446421687627
42.885349427679486,89.10923520514315
42.91220312174817,89.44909239505648
42.93905681581685,88.53135773936974
42.965910509885525,89.56234630142974
42.9927642039542,90.46517583981077
43.01961789802288,88.75245237545874
43.04647159209156,88.9913380389373
43.07332528616024,89.26768321446222
43.10017898022892,88.3210267248417
43.127032674297595,89.2348227089368
43.15388636836627,89.3132406718527
43.18074006243495,88.85128974645367
43.20759375650363,89.74821747038851
43.23444745057231,88.54878819091516
43.26130114464099,89.74016647729376
43.288154838709666,89.47778076288134
43.31500853277834,89.10648934585222
43.34186222684702,89.78541413442876
43.368715920915704,89.58537044299122
43.39556961498438,90.18863872159451
43.42242330905306,88.64742377317062
43.449277003121736,88.83792292734815
43.47613069719041,89.3373061528117
43.50298439125909,89.35620612212924
43.529838085327775,89.46619465138309
43.55669177939645,88.6098537837154
43.58354547346513,89.08718247305653
43.61039916753381,88.79819759441071
43.637252861602484,89.24554747366415
43.66410655567116,89.1262381619189
43.690960249739845,90.33107645375476
43.71781394380852,89.8692614247354
43.7446676378772,89.38625878858319
43.77152133194588,90.07744251632582
43.798375026014554,89.77695305658155
43.82522872008323,89.69364443413698
43.852082414151916,89.23290421001333
43.87893610822059,89.56769048819174
43.90578980228927,89.57400613318949
43.93264349635795,89.53500987762165
43.959497190426625,89.4781336963862
43.98635088449531,90.15707349321842
44.013204578563986,90.18288785911072
44.04005827263266,89.19786299287645
44.06691196670134,88.91342087564303
44.09376566077002,89.51208402795824
44.120619354838695,89.39785891155789
44.14747304890738,90.11181466191678
44.174326742976056,90.4591893275372
44.201180437044734,89.96229710866994
44.22803413111341,89.80673401690727
44.25488782518209,90.03240232800964
44.281741519250765,89.31108101192223
44.30859521331945,89.36179769156492
44.33544890738813,89.75842432491439
44.362302601456804,89.89705021461856
44.38915629552548,90.35363219645653
44.41600998959416,91.4538639229305
44.442863683662836,90.04475162653918
44.46971737773152,89.22967748035222
44.4965710718002,89.58454541325096
44.523424765868874,89.18851058276321
44.55027845993755,90.4561431671348
44.57713215400623,89.9697066200282
44.60398584807491,90.46306959105164
44.63083954214359,90.01530250445438
44.65769323621227,90.04137900541834
44.684546930280945,89.61241292146097
44.71140062434962,90.21032901274816
44.7382543184183,90.2319763959767
44.765108012486984,90.1039341970011
44.79196170655566,90.26733279707571
44.81881540062434,90.2598962450349
44.845669094693015,90.39336548741925
44.87252278876169,90.87338181338022
44.89937648283037,90.13428182544129
44.926230176899054,90.42779164387144
44.95308387096773,89.60903038087706
44.97993756503641,90.5401862210867
45.006791259105086,90.33769590738895
45.03364495317376,90.81281439240173
45.06049864724245,89.7119546458675
45.087352341311124,90.46216049026238
45.1142060353798,91.0188526506262
45.14105972944848,90.21604524639665
45.167913423517156,89.51003231140255
45.19476711758583,90.17102398591862
45.22162081165452,89.4320160992652
45.248474505723195,89.56345585791225
45.27532819979187,90.55958128186086
45.30218189386055,90.22251373235358
45.329035587929226,90.27054514106564
45.355889281997904,89.60731025059778
45.38274297606659,90.46797220574716
45.409596670135265,90.37662496413415
45.43645036420394,90.22878890482129
45.46330405827262,89.80843890837099
45.4901577523413,91.07329419826188
45.517011446409974,90.52336570899331
45.54386514047866,90.79934294148718
45.570718834547336,90.93202565747991
45.59757252861601,91.30580783008793
45.62442622268469,90.51124102379912
45.65127991675337,89.68074789850455
45.67813361082205,89.65010911667271
45.70498730489073,90.86028968208856
45.731840998959406,89.70857209931287
45.75869469302808,90.2894751072917
45.78554838709676,90.54029747150422
45.81240208116544,90.01749035839444
45.83925577523412,90.00995451748258
45.8661094693028,90.17225547932578
45.892963163371476,90.80058572161994
45.91981685744015,90.88702012710066
45.94667055150883,90.57670962314866
45.97352424557751,90.23264876439157
46.00037793964619,89.94548038989832
46.02723163371487,89.6867531963204
46.05408532778355,89.62055030230152
46.080939021852224,89.35875369035244
46.1077927159209,90.59330844684692
46.13464640998958,91.09556268890303
46.16150010405826,91.07521005992896
46.18835379812694,90.7589702450286
46.21520749219562,90.90135188399655
46.242061186264294,90.74340645734966
46.26891488033297,89.7651117601242
46.295768574401656,90.49337256480025
46.32262226847033,90.4128516860421
46.34947596253901,90.83764104804366
46.37632965660769,90.91924153693842
46.403183350676365,90.82540082679232
46.43003704474504,90.21994461820984
46.456890738813726,91.02124301649498
46.4837444328824,91.27600677148666
46.51059812695108,91.55206267761
46.53745182101976,90.50350112227724
46.564305515088435,90.34911958080372
46.59115920915711,90.88949447081818
46.6180129032258,91.20639522631703
46.644866597294474,91.12626792813734
46.67172029136315,90.43734497546681
46.69857398543183,90.9562632122133
46.725427679500505,90.99541869266744
46.75228137356918,90.28541300634687
46.77913506763787,90.83290566077036
46.805988761706544,90.8904211554888
46.83284245577522,90.46394737873516
46.8596961498439,91.11142996745242
46.886549843912576,91.45053654224415
46.91340353798126,90.07486192741662
46.94025723204994,90.92288653699082
46.967110926118615,90.45616973842306
46.99396462018729,92.00392543099048
47.02081831425597,90.25252562488171
47.047672008324646,90.94234514940192
47.07452570239333,91.54817828624336
47.10137939646201,91.7033027362929
47.128233090530685,90.45199119636446
47.15508678459936,90.11063860199164
47.18194047866804,91.25230674967281
47.20879417273672,91.10962116698461
47.2356478668054,90.95730935693561
47.26250156087408,91.55883616890779
47.289355254942755,91.26406288555414
47.31620894901143,91.89880842043922
47.34306264308011,91.84601217268381
47.36991633714879,91.55339675358984
47.39677003121747,91.0656393234189
47.42362372528615,91.58751247147991
47.450477419354826,90.85708697162882
47.4773311134235,91.27357297155557
47.50418480749218,91.68893767799766
47.531038501560865,91.04350834570164
47.55789219562954,91.67818391807461
47.58474588969822,89.80175239385153
47.611599583766896,91.24950490108628
47.63845327783557,92.02160796581055
47.66530697190425,89.99508311048882
47.692160665972935,92.35667248274773
47.71901436004161,91.3937554530273
47.74586805411029,91.45091834470205
47.77272174817897,91.00468763513216
47.799575442247644,92.17363507900302
47.82642913631632,91.30477671671235
47.853282830385005,91.71114834722842
47.88013652445368,91.4139204739579
47.90699021852236,91.50303236531958
47.93384391259104,92.45980291050981
47.960697606659714,92.06411578398478
47.9875513007284,92.01925189145503
48.014404994797076,91.04640535292278
48.04125868886575,91.68582706067897
48.06811238293443,92.01902180303033
48.09496607700311,90.98090383444128
48.121819771071785,91.24624820725364
48.14867346514047,91.78101550926024
48.175527159209146,92.04010001667993
48.20238085327782,91.66715368303788
48.2292345473465,91.84401789714482
48.25608824141518,91.54892264084857
48.282941935483855,90.74344537765096
48.30979562955254,91.19491945114505
48.33664932362122,91.78291887541184
48.363503017689894,92.39850578561344
48.39035671175857,91.59013095231509
48.41721040582725,91.76756677073647
48.444064099895925,91.55677904114577
48.47091779396461,92.32158694928009
48.49777148803329,90.88528859554144
48.524625182101964,91.36105356687409
48.55147887617064,92.66963330950044
48.57833257023932,91.61857512071514
48.605186264308,91.51600646880905
48.63203995837668,90.5302038984734
48.65889365244536,92.36782269954608
48.685747346514034,92.3131227994833
48.71260104058271,91.97286052585926
48.73945473465139,91.89609172122819
48.76630842872007,92.203065519259
48.79316212278875,91.53734503446024
48.82001581685743,92.00995226594637
48.846869510926105,91.91592240665723
48.87372320499478,91.38784582297106
48.90057689906346,91.07524828807958
48.927430593132144,91.91875419183421
48.95428428720082,92.59178538264537
48.9811379812695,91.85254970902872
49.007991675338175,92.19945719047547
49.03484536940685,93.09036997156171
49.06169906347553,91.55248910078666
49.088552757544214,91.60479919267038
49.11540645161289,92.54618091919328
49.14226014568157,92.25659722094395
49.169113839750246,92.58961204559475
49.19596753381892,91.87750249902078
49.22282122788761,91.71756002799967
49.249674921956284,91.73817385576407
49.27652861602496,92.04189699706328
49.30338231009364,91.55256880005926
49.330236004162316,91.28079533856327
49.35708969823099,91.64494777148124
49.38394339229968,90.83534005443506
49.410797086368355,92.02256681921845
49.43765078043703,93.13728055186716
49.46450447450571,92.05913922630124
49.491358168574386,92.4313653908545
49.518211862643064,91.57898605065203
49.54506555671175,92.22847084001135
49.571919250780425,93.05803745240408
49.5987729448491,92.45147174105409
49.62562663891778,91.47816175649683
49.65248033298646,92.45982853621788
49.679334027055134,91.68266394969359
49.70618772112382,90.84585790818078
49.733041415192496,92.02970444131424
49.75989510926117,92.07923885236188
49.78674880332985,91.94597582883509
49.81360249739853,92.23519365038014
49.84045619146721,92.41974379240793
49.86730988553589,91.55500144556319
49.894163579604566,92.86740046161964
49.92101727367324,91.81573260306384
49.94787096774192,92.10300466732514
49.9747246618106,92.09547012600574
50.00157835587928,91.89700663467796
50.02843204994796,92.0826229933226
50.055285744016636,92.13731084978741
50.08213943808531,92.69100728769853
50.10899313215399,92.64381323653782
50.13584682622267,92.45712426901729
50.16270052029135,92.05653713591028
50.18955421436003,92.42731141246678
50.21640790842871,92.23669431652452
50.243261602497384,91.53329970143123
50.27011529656606,92.75657775163954
50.29696899063474,92.53382608824903
50.32382268470342,91.75278379838286
50.3506763787721,92.7882946813992
50.37753007284078,91.94560067801338
50.404383766909454,92.47512756643785
50.43123746097813,92.79973408445207
50.458091155046816,93.30407522694921
50.48494484911549,92.59020353606563
50.51179854318417,92.0415894420814
50.53865223725285,92.36953463536246
50.565505931321525,92.94891620770147
50.5923596253902,92.01099686763632
50.619213319458886,91.92610565724509
50.64606701352756,93.47110173500923
50.67292070759624,93.04271439656338
50.69977440166492,92.86655157913471
50.726628095733595,93.28454261973943
50.75348178980227,93.85087613753093
50.78033548387096,92.63875556659715
50.807189177939634,91.82764448579078
50.83404287200831,93.33165613658701
50.86089656607699,93.30779673319272
50.887750260145665,92.53339210896198
50.91460395421435,92.53793246880521
50.94145764828303,91.84898238960936
50.968311342351704,93.67501480357869
50.99516503642038,92.31465678162913
51.02201873048906,93.19404666617085
51.048872424557736,92.02115246690354
51.07572611862642,93.04949705761713
51.1025798126951,93.45982937105556
51.129433506763775,91.6413264007599
51.15628720083245,92.5067231566253
51.18314089490113,92.79958474463938
51.209994588969806,93.15853313261833
51.23684828303849,93.35003114807358
51.26370197710717,93.07730109311476
51.290555671175845,92.41041349852962
51.31740936524452,93.77190992994103
51.3442630593132,92.52336955150359
51.37111675338188,92.96291617443724
51.39797044745056,92.66511144159324
51.42482414151924,92.26999457397099
51.451677835587915,93.23751967871759
51.47853152965659,93.06970098991987
51.50538522372527,92.82480750059656
51.532238917793954,91.91993954965768
51.55909261186263,93.07264110224294
51.58594630593131,92.66185660162854
51.612799999999986,92.90379945574323
51.63965369406866,93.54838755532518
51.66650738813734,92.28672286555866
51.693361082206025,92.81816261955683
51.7202147762747,92.98389073754817
51.74706847034338,92.95108075382687
51.773922164412056,92.86069971123213
51.80077585848073,92.84580828630845
51.82762955254941,93.67925590476872
51.854483246618095,93.0095676465024
51.88133694068677,92.83815266572735
51.90819063475545,92.69628557539127
51.93504432882413,92.32206055833281
51.961898022892804,93.40499387004256
51.98875171696148,93.9224646344162
52.015605411030165,93.06319767197415
52.04245910509884,92.08356537968078
52.06931279916752,92.99843213643811
52.0961664932362,93.13334293269652
52.123020187304874,93.25209395347407
52.14987388137356,93.45059929832537
52.176727575442236,93.0712176584163
52.20358126951091,92.28248880326782
52.23043496357959,93.35557686568961
52.25728865764827,93.19386694184178
52.284142351716945,93.15363274200911
52.31099604578563,93.52944533896913
52.337849739854306,93.86725214863053
52.36470343392298,93.75762412322113
52.39155712799166,93.89731491214405
52.41841082206034,93.48271943491203
52.445264516129015,93.1591388618645
52.4721182101977,93.51718280037706
52.49897190426638,92.64869068131962
52.525825598335054,92.41976560997804
52.55267929240373,93.05668076463257
52.57953298647241,92.74407251989287
52.606386680541085,93.27395885898547
52.63324037460977,94.2742471435206
52.66009406867845,92.54720212939313
52.686947762747124,92.58872407319473
52.7138014568158,93.64653135884615
52.74065515088448,93.02521683282994
52.76750884495316,92.72312620760704
52.79436253902184,93.53496975427683
52.82121623309052,93.38293685371804
52.848069927159194,94.28427780047346
52.87492362122787,93.18837692137419
52.90177731529655,93.58113118825746
52.92863100936523,92.90378694497345
52.95548470343391,93.32292973407199
52.98233839750259,93.04978749391722
53.009192091571265,93.2894763250326
53.03604578563994,93.56696608140862
53.06289947970862,93.23955603731632
53.089753173777304,93.48244409028804
53.11660686784598,93.92663254154206
53.14346056191466,93.47040754424297
53.170314255983335,94.04481769040042
53.19716795005201,93.11255951777486
53.22402164412069,93.94654146781625
53.250875338189374,92.96698439309523
53.27772903225805,92.80207969614743
53.30458272632673,93.61521757518325
53.331436420395406,94.23008416701494
53.35829011446408,93.55662573146006
53.38514380853277,94.09073444650767
53.411997502601444,93.55769404212236
53.43885119667012,94.0753243988337
53.4657048907388,94.22311224416886
53.492558584807476,93.21636973040692
53.51941227887615,94.02117301150366
53.54626597294484,94.26914147144078
53.573119667013515,92.76259984263892
53.59997336108219,92.49496261180177
53.62682705515087,92.34820796943566
53.653680749219546,93.24810453729403
53.680534443288224,93.00892776828968
53.70738813735691,93.27922258285022
53.734241831425585,92.67979348865195
53.76109552549426,93.06658558572438
53.78794921956294,93.38610677041714
53.81480291363162,93.50640785760352
53.8416566077003,93.77487473734284
53.86851030176898,93.5090854877795
53.895363995837656,92.60954780758897
53.92221768990633,93.05904988925488
53.94907138397501,93.78576401133533
53.97592507804369,94.1376094342787
54.00277877211237,93.84392898722362
54.02963246618105,93.58301925810163
54.056486160249726,93.77519006213019
54.0833398543184,93.37455242747808
54.11019354838708,93.60894629262815
54.13704724245576,93.79815732668227
54.16390093652444,93.22962764572934
54.19075463059312,93.52657915079958
54.217608324661796,93.85572588577062
54.244462018730474,93.29838667736237
54.27131571279915,93.64198502956643
54.29816940686783,93.39105555597465
54.32502310093651,93.66444047308863
54.35187679500519,93.8678552250299
54.37873048907387,94.0179856795928
54.405584183142544,93.77268497805466
54.43243787721122,93.89587583692176
54.459291571279905,93.39276961489973
54.48614526534858,93.45273634067314
54.51299895941726,93.29954797400656
54.53985265348594,93.66442398013437
54.566706347554614,93.61944876273785
54.59356004162329,92.81084898821885
54.620413735691976,93.4792943066083
54.64726742976065,94.80071336888784
54.67412112382933,93.6458196105116
54.70097481789801,93.41136053529014
54.727828511966685,93.96443233329552
54.75468220603536,93.58135146804432
54.781535900104046,92.9080300847723
54.80838959417272,93.95017780136541
54.8352432882414,93.13886644338064
54.86209698231008,93.22458002883695
54.888950676378755,93.98186308696992
54.91580437044743,93.94015005592821
54.94265806451612,94.00391005051183
54.969511758584794,94.08007208868575
54.99636545265347,93.74660592494946
55.02321914672215,94.10719937869004
55.050072840790826,93.67856941672403
55.07692653485951,93.78589910366334
55.10378022892819,93.76465398174227
55.130633922996864,94.31478774388441
55.15748761706554,93.84538610713876
55.18434131113422,94.07894364666346
55.211195005202896,93.86511270323558
55.23804869927158,94.83384418070801
55.26490239334026,93.93293676104047
55.291756087408935,94.59090700788614
55.31860978147761,94.44823939523978
55.34546347554629,92.97778614848531
55.372317169614966,93.24739978615328
55.39917086368365,94.9163077492547
55.42602455775233,93.97102887331961
55.452878251821005,94.41985442965466
55.47973194588968,93.74232126992908
55.50658563995836,94.38089650288205
55.53343933402704,94.18339507387854
55.56029302809572,93.64630233817121
55.5871467221644,93.87244004485461
55.614000416233075,94.05905030195365
55.64085411030175,95.0870704845153
55.66770780437043,94.20649182380744
55.694561498439114,93.42201645306704
55.72141519250779,93.40854794229833
55.74826888657647,94.93041497755902
55.775122580645146,94.89033689752738
55.80197627471382,93.82463601030119
55.8288299687825,95.19004247449044
55.855683662851185,94.1225968554649
55.88253735691986,94.38626716967329
55.90939105098854,94.10747272269563
55.936244745057216,93.69631504542446
55.96309843912589,93.32382390749942
55.98995213319457,94.21732011475164
56.016805827263255,94.31852551462713
56.04365952133193,94.58821477081112
56.07051321540061,94.95548360151412
56.09736690946929,94.20091368943537
56.124220603537964,94.68052732376407
56.15107429760664,94.48647487970268
56.177927991675325,94.13090101368988
56.204781685744,94.95677770653202
56.23163537981268,94.33421228202006
56.25848907388136,93.04829605902826
56.285342767950034,94.79785333914009
56.31219646201872,94.25646520598143
56.339050156087396,94.49218240136078
56.36590385015607,94.25814687397667
56.39275754422475,95.10712963365981
56.41961123829343,94.70473714329918
56.446464932362105,95.00340324563334
56.47331862643079,94.06554819660332
56.500172320499466,94.7713878728119
56.52702601456814,94.9932931541155
56.55387970863682,94.82615588987663
56.5807334027055,93.02950907670738
56.607587096774175,94.22252701029834
56.63444079084286,94.96549378237708
56.66129448491154,94.17336805274427
56.688148178980214,95.51902832393219
56.71500187304889,94.59563917438028
56.74185556711757,94.57373077164439
56.76870926118625,94.54284367096092
56.79556295525493,94.0888559387052
56.82241664932361,95.22740655617193
56.849270343392284,94.78571049941527
56.87612403746096,94.77492213117604
56.90297773152964,94.46223374930017
56.92983142559832,94.69859230818525
56.956685119667,94.25610131208026
56.98353881373568,94.6832286209549
57.010392507804355,94.03840599210844
57.03724620187303,95.58681118628587
57.06409989594171,94.77510007097462
57.09095359001039,94.62974109319208
57.11780728407907,94.81080477816904
57.14466097814775,94.598086550603
57.171514672216425,94.0348048168204
57.1983683662851,94.57175041731224
57.22522206035378,94.80887163194394
57.252075754422464,94.58433428769585
57.27892944849114,94.95915584210252
57.30578314255982,94.19344345061424
57.332636836628495,94.55785182555958
57.35949053069717,94.10668557799113
57.38634422476586,94.45272224340823
57.413197918834534,94.66375132517855
57.44005161290321,94.82904606731385
57.46690530697189,94.59715705823932
57.493759001040566,94.76441154265719
57.52061269510924,94.92859175739284
57.54746638917793,94.89779964227394
57.574320083246604,94.17642225177572
57.60117377731528,94.31044398278395
57.62802747138396,94.13606210599296
57.654881165452636,93.71569309453238
57.68173485952131,93.98857503437992
57.70858855359,95.11790638728957
57.735442247658675,94.899426452536
57.76229594172735,95.09364098467127
57.78914963579603,94.93830190879589
57.81600332986471,95.27241478854523
57.842857023933384,95.13491098409926
57.86971071800207,94.56805662959358
57.896564412070745,94.78080678484596
57.92341810613942,95.02138133745936
57.9502718002081,95.01827122630267
57.97712549427678,94.15365202964267
58.00397918834546,93.82474578309765
58.03083288241414,94.14682871039989
58.057686576482816,95.31332064716251
58.08454027055149,94.3981009340549
58.11139396462017,94.55099573925497
58.13824765868885,94.93154669804434
58.16510135275753,95.11945979925441
58.19195504682621,94.59964704317994
58.218808740894886,94.63231914216807
58.24566243496356,94.95671230371002
58.27251612903224,95.097511141507
58.29936982310092,94.05659098772297
58.3262235171696,94.03090397358916
58.35307721123828,94.1357789856624
58.379930905306956,94.72011579680331
58.406784599375634,94.77714145808795
58.43363829344431,94.97380644362106
58.46049198751299,95.0866884915305
58.48734568158167,95.21831226560167
58.51419937565035,95.67960716352033
58.54105306971903,94.53758036385993
58.567906763787704,94.76466781118113
58.59476045785638,94.94098697267168
58.621614151925066,94.53556215402122
58.64846784599374,94.74594772196473
58.67532154006242,94.00591145105727
58.7021752341311,94.68324652276321
58.729028928199774,95.34391696388649
58.75588262226845,95.06354674753175
58.782736316337136,94.36125655526551
58.80959001040581,94.58640312702343
58.83644370447449,95.55434124916744
58.86329739854317,95.31015240925225
58.890151092611845,95.38186788940311
58.91700478668052,94.20925206846847
58.943858480749206,94.22498984076303
58.97071217481788,94.21985384107037
58.99756586888656,94.71855287534439
59.02441956295524,95.41261242446964
59.051273257023915,94.87726712784418
59.07812695109259,95.2897356194534
59.10498064516128,95.12248944613602
59.131834339229954,94.86684913182863
59.15868803329863,96.01705323337903
59.18554172736731,95.4173280925881
59.212395421435986,95.11489265000782
59.23924911550467,96.167370150979
59.26610280957335,94.26325867020502
59.292956503642024,95.2488438172754
59.3198101977107,94.6612965408615
59.34666389177938,94.81069669753929
59.373517585848056,95.51555251765983
59.40037127991674,94.92704596175028
59.42722497398542,95.05013643733447
59.454078668054095,95.14987119331049
59.48093236212277,95.18315274096142
59.50778605619145,94.99877056572036
59.534639750260126,95.09388984100255
59.56149344432881,94.22469823789511
59.58834713839749,95.51571145281609
59.615200832466165,94.7593244194107
59.64205452653484,94.92827242173277
59.66890822060352,94.54771435116339
59.695761914672204,95.36303306663993
59.72261560874088,95.1284314217883
59.74946930280956,95.61425071691558
59.776322996878235,96.00846843044648
59.80317669094691,95.69793443109509
59.83003038501559,95.3750877427965
59.856884079084274,94.67391859635633
59.88373777315295,94.0836585169372
59.91059146722163,95.27903184015143
59.937445161290306,95.28319873505384
59.96429885535898,95.66659405263941
59.99115254942766,95.72687590640533
60.018006243496345,94.65574851535267
60.04485993756502,95.32052096286824
60.0717136316337,94.71465496018364
60.098567325702376,95.15346935854552
60.12542101977105,94.97523862322593
60.15227471383973,95.52684620382803
60.179128407908415,95.1122834946008
60.20598210197709,95.50768525478092
60.23283579604577,95.59342725286358
60.25968949011445,94.74556929873467
60.286543184183124,94.55947539540934
60.31339687825181,94.52351944439306
60.340250572320485,94.79940468021545
60.36710426638916,94.96485542001498
60.39395796045784,94.78176293680757
60.42081165452652,94.0334203394977
60.447665348595194,95.48384973029408
60.47451904266388,95.33501740022282
60.501372736732556,95.47407549591185
60.52822643080123,94.44341248025543
60.55508012486991,94.04116705077107
60.58193381893859,95.19171769407896
60.608787513007265,95.43869801254259
60.63564120707595,95.27867994013491
60.662494901144626,94.59068074102379
60.6893485952133,95.2411843005715
60.71620228928198,95.20716924953125
60.74305598335066,95.00126143624756
60.769909677419335,95.25334921638215
60.79676337148802,95.31701871948651
60.8236170655567,95.83480766750358
60.850470759625374,95.56669604050717
60.87732445369405,95.65405108045509
60.90417814776273,94.90755195080679
60.93103184183141,95.61549427638747
60.95788553590009,94.40538777200864
60.98473922996877,95.36443291712726
61.011592924037444,95.01806873322037
61.03844661810612,94.33477189004634
61.0653003121748,95.54029721291606
61.09215400624348,95.12147044569416
61.11900770031216,95.92063088124829
61.14586139438084,95.98365256323814
61.172715088449515,95.40859470031847
61.19956878251819,95.47106036125498
61.22642247658687,95.76811790397548
61.25327617065555,95.27632208954623
61.28012986472423,95.60142596100019
61.30698355879291,95.4858095124735
61.333837252861585,96.2275001905264
61.36069094693026,94.9671219447199
61.38754464099894,95.1523491907618
61.414398335067624,94.89129753227066
61.4412520291363,94.95641602521142
61.46810572320498,96.10602181180698
61.494959417273655,95.47949711696667
61.52181311134233,95.68459990319636
61.54866680541102,95.61132547699623
61.575520499479694,94.98270209183438
61.60237419354837,96.19656324029131
61.62922788761705,95.51406845851106
61.656081581685726,95.4349569711913
61.6829352757544,95.044676152116
61.70978896982309,95.2591316522211
61.736642663891764,95.12213960270245
61.76349635796044,95.6788190137379
61.79035005202912,96.36663825856967
61.817203746097796,95.99969742000643
61.84405744016647,94.71267929529485
61.87091113423516,95.19130873946172
61.897764828303835,95.0904644570369
61.92461852237251,96.19448842734425
61.95147221644119,95.20549677867513
61.97832591050987,96.06597859656402
62.005179604578544,96.38850856569476
62.03203329864723,95.19401337259661
62.058886992715905,94.79670663082926
62.08574068678458,94.7917691884895
62.11259438085326,94.95722718650197
62.13944807492194,95.74503024474791
62.16630176899062,95.84405994706418
62.1931554630593,95.71718250508596
62.220009157127976,96.37588598028479
62.24686285119665,96.28313629243239
62.27371654526533,94.61719026958002
62.30057023933401,96.13993731229655
62.32742393340269,95.7755380754526
62.35427762747137,96.20193844476371
62.381131321540046,95.56800728268357
62.40798501560872,95.89536985209446
62.4348387096774,95.67297757986911
62.46169240374608,95.88260289700091
62.48854609781476,95.36789800578327
62.51539979188344,95.83395020581366
62.542253485952116,95.93828074980507
62.569107180020794,96.00563599349434
62.59596087408947,94.79836829877448
62.622814568158155,95.88133620832983
62.64966826222683,95.6982363223747
62.67652195629551,95.34911110866487
62.70337565036419,96.4612141918429
62.730229344432864,95.87659184368805
62.75708303850154,95.64904602256831
62.783936732570226,94.98038003707268
62.8107904266389,95.74097443743686
62.83764412070758,95.44259164856987
62.86449781477626,95.27884547428448
62.891351508844934,95.23575309173333
62.91820520291361,95.41761917586956
62.945058896982296,96.39589899061411
62.97191259105097,95.97964894076075
62.99876628511965,96.45958643527449
63.02561997918833,95.95120145936389
63.052473673257005,96.80968355448063
63.07932736732568,96.12610770762696
63.106181061394366,95.59445028137873
63.13303475546304,96.37817287989002
63.15988844953172,96.24989043251048
63.1867421436004,95.99575749596731
63.213595837669075,96.19332070312902
63.24044953173776,96.2646745628695
63.26730322580644,96.43471730338109
63.294156919875114,95.86455872170554
63.32101061394379,96.63928519613012
63.34786430801247,95.43837288497589
63.374718002081146,95.58259133358412
63.40157169614983,96.76387542427341
63.42842539021851,95.2018084090607
63.455279084287184,95.8220325960541
63.48213277835586,95.8734046693857
63.50898647242454,95.71893694724892
63.535840166493216,96.8800882868608
63.5626938605619,95.58749428140673
63.58954755463058,95.3428800890008
63.616401248699255,95.18571559325542
63.64325494276793,95.39443752936504
63.67010863683661,96.47015187901316
63.696962330905286,94.8763893524544
63.72381602497397,96.45833696385981
63.75066971904265,96.98434377820234
63.777523413111325,95.99299559859105
63.80437710718,95.80345226273124
63.83123080124868,96.37128431958308
63.858084495317364,96.98965592219433
63.88493818938604,97.09329492316385
63.91179188345472,96.63840748060115
63.938645577523396,95.38011138903187
63.96549927159207,96.27085339315327
63.99235296566075,95.95675327692157
64.01920665972943,95.71493681092126
64.04606035379811,95.41593937772085
64.07291404786679,96.55285689497715
64.09976774193547,95.65340182207525
64.12662143600414,95.60629083952267
64.15347513007282,95.88598126901228
64.1803288241415,96.12731371239721
64.20718251821017,95.70327427608227
64.23403621227885,96.01431605408094
64.26088990634754,96.62965962444825
64.28774360041622,96.62867132982325
64.3145972944849,95.0936832910728
64.34145098855358,96.28111087032761
64.36830468262225,96.24171260640794
64.39515837669093,96.14435054541293
64.4220120707596,96.06585756447544
64.44886576482828,96.53767323702661
64.47571945889696,96.23442549084523
64.50257315296564,96.32153708978173
64.52942684703432,95.90282530324387
64.556280541103,95.52439984722905
64.58313423517168,95.59952279688969
64.60998792924036,97.03803125698454
64.63684162330904,96.17630594191006
64.66369531737772,96.18305417791044
64.6905490114464,95.55377318356953
64.71740270551507,96.79580801098103
64.74425639958375,96.32328783390405
64.77111009365242,95.34531822144685
64.7979637877211,96.20598433040472
64.82481748178978,97.05434312528288
64.85167117585846,95.81984552312156
64.87852486992715,95.38212456248804
64.90537856399582,96.57444737241833
64.9322322580645,97.07731069262951
64.95908595213318,95.89241998906122
64.98593964620186,96.15903598643685
65.01279334027053,96.16663313211474
65.03964703433921,96.16509274923075
65.06650072840789,96.44470939826937
65.09335442247657,95.26197173945569
65.12020811654524,95.35072753554371
65.14706181061392,94.94829413345997
65.17391550468261,96.98081563546202
65.20076919875129,97.1553591094801
65.22762289281997,96.40605081610816
65.25447658688864,96.15469756751544
65.28133028095732,95.74979843367143
65.308183975026,96.1946568209204
65.33503766909467,95.45170898615964
65.36189136316335,96.86556138674992
65.38874505723203,96.29458041024526
65.4155987513007,96.47826024928024
65.44245244536938,96.0414777791968
65.46930613943806,95.8271181424674
65.49615983350675,96.82271231413254
65.52301352757543,95.95487231964712
65.5498672216441,95.38871105159033
65.57672091571278,95.92682495235786
65.60357460978146,96.81865960501585
65.63042830385014,96.62460369988045
65.65728199791882,96.24825662826403
65.68413569198749,95.86961933706309
65.71098938605617,96.09839883201956
65.73784308012485,96.33762948379304
65.76469677419352,95.98913066871447
65.79155046826222,95.29886858684868
65.81840416233089,96.47636474836614
65.84525785639957,96.00188013706864
65.87211155046825,96.85262883645551
65.89896524453692,95.62276272562016
65.9258189386056,96.85008816633177
65.95267263267428,96.09489914327321
65.97952632674296,96.66821617239792
66.00638002081163,96.48430138618244
66.03323371488031,96.16423033020355
66.06008740894899,95.92919322121622
66.08694110301767,95.05008966416192
66.11379479708636,97.23162234159757
66.14064849115503,96.58406321621062
66.16750218522371,96.72207290243676
66.19435587929239,95.54395638770933
66.22120957336107,97.69345155831262
66.24806326742974,96.38703521578624
66.27491696149842,96.7848306162416
66.3017706555671,96.94014348329377
66.32862434963577,96.96929727577889
66.35547804370445,95.24133176777873
66.38233173777313,96.11582564749138
66.40918543184182,96.32765575641743
66.4360391259105,96.88273191214202
66.46289281997917,97.31536343402992
66.48974651404785,96.33399451411964
66.51660020811653,95.43601747619176
66.5434539021852,96.65762426688012
66.57030759625388,96.52569441283043
66.59716129032256,97.03603662721459
66.62401498439124,97.23400135295375
66.65086867845991,96.5705658696452
66.67772237252859,96.26992648692176
66.70457606659728,97.02646909016175
66.73142976066596,96.33759725699042
66.75828345473464,96.78713696442136
66.78513714880332,96.54868307502626
66.81199084287199,95.55670194481094
66.83884453694067,95.9010504437896
66.86569823100935,96.16662749195945
66.89255192507802,96.3898892368645
66.9194056191467,95.68939628641692
66.94625931321538,96.28518131209249
66.97311300728406,96.04793064781583
66.99996670135273,96.8284658636836
67.02682039542142,95.9014958385664
67.0536740894901,96.76772160155049
67.08052778355878,96.36815586996751
67.10738147762746,96.71028826088985
67.13423517169613,97.20956430398016
67.16108886576481,95.99128715254184
67.18794255983349,97.07265004170253
67.21479625390216,97.39827436187166
67.24164994797084,96.83316087546906
67.26850364203952,96.10648524435805
67.2953573361082,96.9141967647017
67.32221103017689,97.10831313369883
67.34906472424557,97.32881020257786
67.37591841831424,96.796179296305
67.40277211238292,96.99734120347603
67.4296258064516,96.07462472409406
67.45647950052027,96.60996266901734
67.48333319458895,96.57596259307809
67.51018688865763,96.72902840756444
67.5370405827263,95.99954415558554
67.56389427679498,96.23660945082209
67.59074797086366,96.18510422763848
67.61760166493234,96.57747033319097
67.64445535900103,96.49432155131397
67.6713090530697,96.62367881735327
67.69816274713838,97.28915507938636
67.72501644120706,96.75615030271396
67.75187013527574,96.54941415743089
67.77872382934441,97.06146743140283
67.80557752341309,96.48134174182309
67.83243121748177,95.61910197469892
67.85928491155045,95.94853743841912
67.88613860561912,95.57538320555581
67.9129922996878,97.14857149128163
67.93984599375649,96.82226211219023
67.96669968782517,96.00297307883888
67.99355338189385,96.307315614781
68.02040707596252,96.98209084341026
68.0472607700312,96.6835474117686
68.07411446409988,96.07023734039163
68.10096815816856,96.14477056347675
68.12782185223723,95.07139154471076
68.15467554630591,96.68170883972729
68.18152924037459,96.3219093207449
68.20838293444326,96.76808689883661
68.23523662851194,96.64370603772893
68.26209032258063,96.287734959875
68.28894401664931,96.71852681917088
68.31579771071799,95.81093345548317
68.34265140478666,96.9272333413911
68.36950509885534,96.7375860729889
68.39635879292402,96.85191331830883
68.4232124869927,97.36926254513915
68.45006618106137,96.36470606117811
68.47691987513005,96.80213059148375
68.50377356919873,96.82631751659657
68.5306272632674,96.6230672963103
68.5574809573361,96.7488979766927
68.58433465140477,96.66283079188216
68.61118834547345,96.50291034999405
68.63804203954213,96.83881688786265
68.6648957336108,95.05241045435467
68.69174942767948,97.20155853356127
68.71860312174816,97.45043946813844
68.74545681581684,97.07385941820698
68.77231050988551,96.89663597478653
68.79916420395419,96.8006233553733
68.82601789802287,96.0220120959312
68.85287159209155,96.79976026714255
68.87972528616024,96.18112148709551
68.90657898022891,97.06676236022604
68.93343267429759,96.69113793161875
68.96028636836627,96.69946881416583
68.98714006243495,96.31288062985918
69.01399375650362,95.99379063343355
69.0408474505723,97.42117884148524
69.06770114464098,97.186364305493
69.09455483870966,96.71212097459406
69.12140853277833,96.96860723786646
69.14826222684701,97.22676144028867
69.1751159209157,96.99400920773226
69.20196961498438,96.76632286388265
69.22882330905306,96.7159292556934
69.25567700312173,97.22943017422038
69.28253069719041,96.97838815915011
69.30938439125909,96.37023863230593
69.33623808532776,96.2683491210238
69.36309177939644,97.72228268023724
69.38994547346512,95.90390670336713
69.4167991675338,96.24383279770964
69.44365286160247,96.27389947682973
69.47050655567115,96.90733266036514
69.49736024973984,96.7028895834941
69.52421394380852,96.78860041443909
69.5510676378772,96.88019281672241
69.57792133194587,96.49008113905083
69.60477502601455,96.82935784732797
69.63162872008323,96.97712017260046
69.6584824141519,96.75244304904216
69.68533610822058,97.29273760081429
69.71218980228926,96.62707841103983
69.73904349635794,96.82121144508875
69.76589719042661,97.25762761531
69.7927508844953,96.60456599309555
69.81960457856398,97.32406581913959
69.84645827263266,96.7848234967227
69.87331196670134,97.02739833776818
69.90016566077001,96.67892550490295
69.92701935483869,96.94425061374562
69.95387304890737,97.44410390892541
69.98072674297605,97.41528760634549
70.00758043704472,98.77996357982042
70.0344341311134,96.67747857429003
70.06128782518208,97.97400683647233
70.08814151925075,96.93981493178802
70.11499521331945,96.97072345161385
70.14184890738812,96.17852055430514
70.1687026014568,96.96367239147786
70.19555629552548,96.71053119763694
70.22240998959415,97.87961881973979
70.24926368366283,97.17471746056762
70.27611737773151,96.44305490074717
70.30297107180019,96.95450532124309
70.32982476586886,98.0180907855842
70.35667845993754,96.16993602414844
70.38353215400622,96.67458246400955
70.41038584807491,96.59306874574693
70.43723954214359,97.32153848018494
70.46409323621226,96.91802910178218
70.49094693028094,97.26192420787284
70.51780062434962,97.11456318859021
70.5446543184183,96.82011038828851
70.57150801248697,96.76822853383435
70.59836170655565,97.45476296940704
70.62521540062433,97.1630131415151
70.652069094693,96.51528540759186
70.67892278876168,97.54145377505041
70.70577648283036,97.66863569478723
70.73263017689905,98.0844132396411
70.75948387096773,97.17650800660873
70.7863375650364,97.12068916652929
70.81319125910508,96.6789990862826
70.84004495317376,97.15395248004306
70.86689864724244,97.0249213192395
70.89375234131111,97.03042304825786
70.92060603537979,96.72510530939913
70.94745972944847,96.50422006421203
70.97431342351715,97.44892856382064
71.00116711758582,97.10613594078671
71.02802081165451,95.99721403884539
71.05487450572319,96.92526531915698
71.08172819979187,97.04524650159098
71.10858189386055,97.97978865887191
71.13543558792922,97.5938126047433
71.1622892819979,96.6006156834325
71.18914297606658,97.77343351817234
71.21599667013525,97.61170202129739
71.24285036420393,97.26569938159672
71.26970405827261,97.77129893612293
71.29655775234129,97.15785886236783
71.32341144640996,96.91068867854042
71.35026514047865,96.73833915144218
71.37711883454733,96.78007115683872
71.40397252861601,96.71510093023254
71.43082622268469,97.12597372643853
71.45767991675336,97.09330325146732
71.48453361082204,97.18680944193379
71.51138730489072,96.4876703179825
71.5382409989594,97.86009505695655
71.56509469302807,96.370659234065
71.59194838709675,97.14433619655047
71.61880208116543,97.27802485379867
71.64565577523412,96.98965652878984
71.6725094693028,97.82457556596364
71.69936316337147,97.00388846409963
71.72621685744015,97.39437735282858
71.75307055150883,97.39650541221842
71.7799242455775,97.68171612603734
71.80677793964618,97.92498605134081
71.83363163371486,97.02790919820973
71.86048532778354,96.60467521377012
71.88733902185221,96.73181774959018
71.91419271592089,96.40917604681643
71.94104640998957,96.10758514772924
71.96790010405826,96.74580568956381
71.99475379812694,97.25022278953777
72.02160749219561,98.59752439368515
72.04846118626429,97.86119114000037
72.07531488033297,98.04412853206094
72.10216857440165,97.4759016167945
72.12902226847032,97.75041832405728
72.155875962539,97.07805596077277
72.18272965660768,97.8904305652204
72.20958335067635,97.1701816803345
72.23643704474503,96.95681760190541
72.26329073881372,97.03990219099535
72.2901444328824,95.99999148809053
72.31699812695108,97.09195900000273
72.34385182101975,97.59500543604635
72.37070551508843,97.86517534582273
72.39755920915711,96.0649433202626
72.42441290322579,96.34507797148181
72.45126659729446,97.21982013921193
72.47812029136314,97.89185496762767
72.50497398543182,97.56446220738265
72.5318276795005,97.69992910367264
72.55868137356919,97.83702286417997
72.58553506763786,97.82645781581589
72.61238876170654,96.8849121112823
72.63924245577522,97.23913297159451
72.6660961498439,96.1356027413079
72.69294984391257,97.15446881267188
72.71980353798125,96.84409606393449
72.74665723204993,98.17165565047887
72.7735109261186,97.43513999340423
72.80036462018728,97.9491639417046
72.82721831425596,97.02017741786179
72.85407200832464,97.12488852306657
72.88092570239333,98.31648978856634
72.907779396462,97.1139573878036
72.93463309053068,98.09147109006926
72.96148678459936,96.86230526578863
72.98834047866804,97.06411338867362
73.01519417273671,96.62767138826023
73.04204786680539,97.24899402200711
73.06890156087407,97.20313319980649
73.09575525494274,98.19664453198439
73.12260894901142,97.82999895146887
73.1494626430801,98.26009682300503
73.17631633714879,97.72236896524309
73.20317003121747,97.61025747166539
73.23002372528615,97.64774982298599
73.25687741935482,97.51487437586587
73.2837311134235,97.65718512962825
73.31058480749218,96.58182017457675
73.33743850156085,98.37211222099918
73.36429219562953,97.55812633267965
73.39114588969821,96.80703889705879
73.41799958376689,97.35471705265945
73.44485327783556,96.9895258347341
73.47170697190424,97.59242320268108
73.49856066597293,97.25406263902345
73.52541436004161,97.08740197770541
73.55226805411029,97.33085328537123
73.57912174817896,96.42964391614021
73.60597544224764,97.08291269491679
73.63282913631632,97.54956652674903
73.659682830385,97.0002501063079
73.68653652445367,97.4447638381154
73.71339021852235,97.34672350244959
73.74024391259103,97.07405242251656
73.7670976066597,97.02462791091918
73.7939513007284,97.26751270585997
73.82080499479707,97.35523596435199
73.84765868886575,98.01584935927863
73.87451238293443,97.59766667505477
73.9013660770031,96.75882069667826
73.92821977107178,96.78816206415038
73.95507346514046,96.82674394242855
73.98192715920914,97.48156700942974
74.00878085327781,97.05727864242455
74.03563454734649,97.20889362689503
74.06248824141517,97.37355443872201
74.08934193548384,97.47695507658555
74.11619562955254,97.32900486201257
74.14304932362121,97.03401403629435
74.16990301768989,96.94339174453054
74.19675671175857,97.79401578781948
74.22361040582724,97.47395310070591
74.25046409989592,96.96200718104676
74.2773177939646,97.71796038919904
74.30417148803328,97.51247463314448
74.33102518210195,97.25996609241648
74.35787887617063,97.89191261249101
74.38473257023931,97.65898005528571
74.411586264308,98.13789934258301
74.43843995837668,97.95763780595244
74.46529365244535,97.1849232862176
74.49214734651403,97.42044260655022
74.51900104058271,97.67708170599138
74.54585473465139,96.88248724807373
74.57270842872006,96.75646574918571
74.59956212278874,97.3891411077972
74.62641581685742,97.1328092413629
74.6532695109261,97.20392389989196
74.68012320499477,97.89609986775108
74.70697689906345,96.70662303747153
74.73383059313214,97.11419995047557
74.76068428720082,98.09602217208344
74.7875379812695,97.0929263248458
74.81439167533817,97.76084085693078
74.84124536940685,97.59301751117572
74.86809906347553,96.82601255376225
74.8949527575442,97.49804861643698
74.92180645161288,97.74172537765345
74.94866014568156,97.34492844018594
74.97551383975023,97.83066039222541
75.00236753381891,97.32264249513581
75.0292212278876,97.4652046366669
75.05607492195628,97.1631740591606
75.08292861602496,97.37425421615502
75.10978231009364,97.40561528721818
75.13663600416231,97.77610826859528
75.16348969823099,97.41570000197277
75.19034339229967,97.6430864696415
75.21719708636834,97.56580989074354
75.24405078043702,98.25287784017932
75.2709044745057,97.58154680555779
75.29775816857438,97.12810418612862
75.32461186264305,96.92991641658475
75.35146555671174,98.03044870514321
75.37831925078042,99.17039105470474
75.4051729448491,97.59649968166477
75.43202663891778,97.74629515090527
75.45888033298645,97.99999081062127
75.48573402705513,97.6184356888103
75.51258772112381,97.71484096866605
75.53944141519248,97.05209450143057
75.56629510926116,96.70134683833385
75.59314880332984,97.72261168953392
75.62000249739852,97.25474129181273
75.64685619146721,97.78103850211043
75.67370988553589,98.1411284308228
75.70056357960456,97.67912106503134
75.72741727367324,97.41205658494327
75.75427096774192,98.69048564443727
75.7811246618106,97.69396928052858
75.80797835587927,98.04664289576861
75.83483204994795,97.9997212733629
75.86168574401663,97.25598790511371
75.8885394380853,97.71048707836009
75.91539313215398,97.57845336325948
75.94224682622266,97.41323857654362
75.96910052029135,98.03317969371145
75.99595421436003,97.41518760130265
76.0228079084287,97.2368655168878
76.04966160249738,97.05859421756884
76.07651529656606,96.48831291501573
76.10336899063473,98.31040902518379
76.13022268470341,98.04378533790383
76.15707637877209,98.23870510978219
76.18393007284077,98.09958738139366
76.21078376690944,97.90897959930474
76.23763746097812,97.90566862859983
76.26449115504681,98.01710031465828
76.29134484911549,97.80184531878058
76.31819854318417,98.1030718113406
76.34505223725284,98.59178627768655
76.37190593132152,98.35435927478977
76.3987596253902,97.8887495850827
76.42561331945888,96.90790002847987
76.45246701352755,97.6477586820162
76.47932070759623,97.28883133379905
76.50617440166491,97.80831148879446
76.53302809573358,97.42088020571762
76.55988178980226,97.87101751070296
76.58673548387095,98.62651036813757
76.61358917793963,97.74049422835982
76.64044287200831,97.63644202334227
76.66729656607698,97.97095579259393
76.69415026014566,96.54283317140003
76.72100395421434,97.30292543521084
76.74785764828302,97.39557930392021
76.7747113423517,98.15201011389279
76.80156503642037,98.48649929617089
76.82841873048905,97.5082321738276
76.85527242455773,97.86862955727493
76.88212611862642,97.89816114462357
76.9089798126951,98.20819450625164
76.93583350676377,97.36995694541109
76.96268720083245,99.0156376618049
76.98954089490113,98.09051413205182
77.0163945889698,98.24952105165242
77.04324828303848,97.1736084003974
77.07010197710716,96.73165615485955
77.09695567117583,97.80202418966192
77.12380936524451,97.27417641692298
77.15066305931319,97.12306838137496
77.17751675338187,97.72908817731945
77.20437044745056,97.66576750800039
77.23122414151923,96.95120565014489
77.25807783558791,97.30154277874259
77.28493152965659,97.76729135835173
77.31178522372527,98.67588754841931
77.33863891779394,98.43104386455653
77.36549261186262,97.05180687429478
77.3923463059313,98.29347693278743
77.41919999999998,97.69643874915552
77.44605369406865,96.80706638133029
77.47290738813733,98.91743451100157
77.49976108220602,97.63456558573134
77.5266147762747,98.07676013776224
77.55346847034338,98.4944461652175
77.58032216441205,96.59733818212747
77.60717585848073,97.69931564717818
77.6340295525494,98.43845022955118
77.66088324661808,97.35869393083682
77.68773694068676,97.19324439103917
77.71459063475544,98.03299057305591
77.74144432882412,97.38253877790225
77.7682980228928,97.50700286244094
77.79515171696147,97.49772955315167
77.82200541103016,97.27738816904797
77.84885910509884,97.34048683594564
77.87571279916752,98.31860187709783
77.9025664932362,98.00533825657031
77.92942018730487,97.79575942179974
77.95627388137355,97.54118477080041
77.98312757544223,96.82006467018414
78.0099812695109,98.06014510240601
78.03683496357958,97.82576514266106
78.06368865764826,97.55220479714875
78.09054235171693,97.32147340528981
78.11739604578563,97.6397467137204
78.1442497398543,98.10324844891204
78.17110343392298,97.63305721525325
78.19795712799166,97.59995420327154
78.22481082206033,96.6930826882124
78.25166451612901,98.05204115148597
78.27851821019769,97.80132558513247
78.30537190426637,97.83342665535532
78.33222559833504,99.00243587306103
78.35907929240372,98.01049458398302
78.3859329864724,98.1234619867397
78.41278668054109,97.6006348495575
78.43964037460977,98.39025773119282
78.46649406867844,97.64597635712151
78.49334776274712,97.88192056625664
78.5202014568158,98.24640085504208
78.54705515088447,97.05920127772006
78.57390884495315,97.98944640759933
78.60076253902183,97.96483335734143
78.6276162330905,96.7897605255464
78.65446992715918,99.24030209376487
78.68132362122786,97.66096794647525
78.70817731529654,97.65105108268986
78.73503100936523,97.78162467251423
78.7618847034339,97.62907938081091
78.78873839750258,97.365272068758
78.81559209157126,97.99918693796533
78.84244578563994,98.16783633569865
78.86929947970862,97.80585758122534
78.8961531737773,96.99757525683782
78.92300686784597,97.28819238694484
78.94986056191465,98.13422257138785
78.97671425598332,98.40815630447345
79.003567950052,97.25565389988657
79.0304216441207,97.19030295893916
79.05727533818937,98.35359254808775
79.08412903225805,98.00827598614204
79.11098272632672,98.29013048077994
79.1378364203954,97.54149370109607
79.16469011446408,98.51204042958292
79.19154380853276,98.65167374564237
79.21839750260143,98.7971634403388
79.24525119667011,98.65184575071092
79.27210489073879,98.48594118858819
79.29895858480747,97.8364368563079
79.32581227887614,97.56323762136734
79.35266597294483,98.4445491837755
79.37951966701351,98.30315182186723
79.40637336108219,98.12966281788653
79.43322705515087,98.30218621300774
79.46008074921954,97.34610870043419
79.48693444328822,98.17462769556714
79.5137881373569,98.67390091133724
79.54064183142557,97.65946631159856
79.56749552549425,97.5620734414615
79.59434921956293,98.38182441228224
79.6212029136316,97.69164778480857
79.6480566077003,97.56862028956793
79.67491030176897,98.90080707327725
79.70176399583765,97.82048860832631
79.72861768990633,97.98574195580129
79.755471383975,97.72346223799191
79.78232507804368,97.494013927855
79.80917877211236,98.05249166506283
79.83603246618104,97.13650450757908
79.86288616024972,98.0040160167672
79.88973985431839,98.37642918358591
79.91659354838707,98.26070030163835
79.94344724245575,98.00674207208681
79.97030093652444,98.42329839789905
79.99715463059312,97.18890391540582
80.02400832466179,98.08396444848803
80.05086201873047,98.13575631056682
80.07771571279915,99.0393961511114
80.10456940686782,98.17061002566366
80.1314231009365,98.58575874058369
80.15827679500518,98.2510630636632
80.18513048907386,96.72788396324893
80.21198418314253,97.28822928497046
80.23883787721121,98.59595284471935
80.2656915712799,97.93458867528616
80.29254526534858,99.0085823338544
80.31939895941726,98.60106379385132
80.34625265348593,98.25341464992486
80.37310634755461,97.60994976514147
80.39996004162329,98.92767284927704
80.42681373569197,97.8288065622995
80.45366742976064,98.00089213263601
80.48052112382932,98.20761353853321
80.507374817898,98.15672183290904
80.53422851196667,98.18264181385945
80.56108220603535,98.12495279543339
80.58793590010404,98.32038878733528
80.61478959417272,98.25040758045685
80.6416432882414,98.46487188810815
80.66849698231007,97.3830600422104
80.69535067637875,98.64161867563645
80.72220437044743,97.21607650899885
80.7490580645161,97.63613702046202
80.77591175858478,97.8222536669253
80.80276545265346,98.539623366836
80.82961914672214,98.57080565266011
80.85647284079081,97.65866295747483
80.8833265348595,97.5110895061771
80.91018022892818,98.29422037955976
80.93703392299686,98.47710354259732
80.96388761706554,99.2169202077538
80.99074131113422,98.50194311267772
81.01759500520289,97.62753563387434
81.04444869927157,98.38371101618473
81.07130239334025,98.0653396492509
81.09815608740892,97.98856680277642
81.1250097814776,98.07831492276799
81.15186347554628,98.59530036941663
81.17871716961496,97.36905812199126
81.20557086368365,98.62835087981287
81.23242455775232,97.57715965033145
81.259278251821,97.71218976065168
81.28613194588968,97.88803823981523
81.31298563995836,98.03611989624768
81.33983933402703,98.1044041314037
81.36669302809571,97.9257837946097
81.39354672216439,98.91174832502698
81.42040041623306,98.54807905944062
81.44725411030174,98.21464930774711
81.47410780437042,99.31714787300767
81.50096149843911,98.8503362288728
81.52781519250779,98.51342438696908
81.55466888657647,97.01238569783676
81.58152258064514,97.38001963994103
81.60837627471382,97.41120749541498
81.6352299687825,98.03199868066383
81.66208366285117,98.6030350105031
81.68893735691985,98.3851637703706
81.71579105098853,98.11006056707096
81.7426447450572,98.11991196911798
81.76949843912588,97.67542050963819
81.79635213319456,98.34381499542343
81.82320582726325,98.11657307552535
81.85005952133193,98.4150433634513
81.8769132154006,97.61380472607273
81.90376690946928,98.51065337955247
81.93062060353796,97.85830192020589
81.95747429760664,98.86781264314638
81.98432799167531,97.83673389438282
82.01118168574399,97.51010351619578
82.03803537981267,98.53128387805523
82.06488907388135,98.12918989573406
82.09174276795002,97.85281125892884
82.11859646201871,97.77110946324046
82.14545015608739,97.66113035423564
82.17230385015607,98.82952431052519
82.19915754422475,98.069721711095
82.22601123829342,97.69668737543438
82.2528649323621,98.51124847887375
82.27971862643078,98.8408354859769
82.30657232049946,97.98789110136781
82.33342601456813,97.42676457638358
82.36027970863681,99.13295374586475
82.38713340270549,98.76220849339862
82.41398709677416,98.18368650645117
82.44084079084286,97.46671094773409
82.46769448491153,98.27450932325628
82.49454817898021,98.05022545024887
82.52140187304889,98.81895061459097
82.54825556711756,97.93111018813278
82.57510926118624,98.54291207332464
82.60196295525492,99.03319381780005
82.6288166493236,98.1351183656795
82.65567034339227,98.37339522845704
82.68252403746095,98.56296669900037
82.70937773152963,98.60400143347641
82.73623142559832,98.39368411626744
82.763085119667,98.7971577003506
82.78993881373567,98.53507624696917
82.81679250780435,98.07098524244763
82.84364620187303,97.59812387819328
82.8704998959417,97.38766986412651
82.89735359001038,98.40211630058984
82.92420728407906,98.6380901358093
82.95106097814774,98.38906449762891
82.97791467221641,98.26658020264976
83.00476836628509,98.48291074166688
83.03162206035377,98.47099503576973
83.05847575442246,98.62556491435782
83.08532944849114,98.44334089433494
83.11218314255981,98.78481385816099
83.13903683662849,98.29274939160477
83.16589053069717,98.63334084237805
83.19274422476585,97.8063489733624
83.21959791883452,97.73393364892087
83.2464516129032,98.20823853057169
83.27330530697188,98.42807395596562
83.30015900104056,98.5435555404442
83.32701269510923,98.2458434831646
83.35386638917792,97.85259101221625
83.3807200832466,97.88501552662143
83.40757377731528,98.21719068509607
83.43442747138396,98.23652294551802
83.46128116545263,97.92752590121862
83.48813485952131,97.81356240520041
83.51498855358999,98.44698929532613
83.54184224765866,98.14382307877703
83.56869594172734,98.40270225495594
83.59554963579602,98.77320948893636
83.6224033298647,97.56675517163652
83.64925702393337,99.03722867551303
83.67611071800206,98.17056101204138
83.70296441207074,98.4788560513227
83.72981810613942,97.83243564750484
83.7566718002081,99.2022697218504
83.78352549427677,98.93461851304791
83.81037918834545,98.63137814658134
83.83723288241413,98.57763942798343
83.8640865764828,97.79259389539226
83.89094027055148,98.89088927608839
83.91779396462016,98.34214685213804
83.94464765868884,98.50314312526028
83.97150135275753,97.91602537086953
83.9983550468262,98.67956916231215
84.02520874089488,98.20263301064224
84.05206243496356,98.67039643238692
84.07891612903224,98.09476885773434
84.10576982310091,98.76352522048782
84.13262351716959,97.97159873134922
84.15947721123827,97.6407216479443
84.18633090530695,98.69733462703574
84.21318459937562,99.20643685257376
84.2400382934443,98.5529280080986
84.26689198751299,99.05423255738287
84.29374568158167,98.97269730422896
84.32059937565035,98.03950076357829
84.34745306971902,98.74263893694093
84.3743067637877,98.29896807181673
84.40116045785638,98.22187211100174
84.42801415192505,98.08195400238282
84.45486784599373,98.90874736855476
84.48172154006241,98.5263981977689
84.50857523413109,98.13020570143792
84.53542892819976,97.73075622945213
84.56228262226844,98.64534752804049
84.58913631633713,98.28043401783646
84.61599001040581,98.37388246887538
84.64284370447449,98.85190452240099
84.66969739854316,98.81250889704718
84.69655109261184,98.099730767491
84.72340478668052,98.51583761586839
84.7502584807492,98.38413294795902
84.77711217481787,98.42888610299164
84.80396586888655,97.80367894292719
84.83081956295523,98.19217656369086
84.8576732570239,98.15378481905809
84.8845269510926,98.3893914484187
84.91138064516127,98.24812037377613
84.93823433922995,98.17598260137612
84.96508803329863,97.87096445799918
84.9919417273673,99.0127517830282
85.01879542143598,98.28511489078316
85.04564911550466,97.77451208253713
85.07250280957334,98.65239882939323
85.09935650364201,97.72601668939186
85.12621019771069,98.21154518980592
85.15306389177937,98.3163123264533
85.17991758584805,97.66909957387956
85.20677127991674,97.84767704517543
85.23362497398541,98.20946581400199
85.26047866805409,98.00942487595954
85.28733236212277,98.54285372754008
85.31418605619145,98.6195698800154
85.34103975026012,98.43447101607661
85.3678934443288,97.66626811450551
85.39474713839748,98.9978753974505
85.42160083246615,97.22981203644242
85.44845452653483,98.59437637134441
85.47530822060351,97.56487533119962
85.5021619146722,98.39981572072773
85.52901560874088,97.892648735273
85.55586930280955,98.7715561959852
85.58272299687823,98.29073099373193
85.60957669094691,98.19425898093492
85.63643038501559,99.03596245237222
85.66328407908426,97.70403738893874
85.69013777315294,98.24564399419435
85.71699146722162,97.64361863574521
85.7438451612903,97.47678411065017
85.77069885535897,97.72335084861285
85.79755254942765,97.71572318198011
85.82440624349634,98.3685596090397
85.85125993756502,98.65827622524914
85.8781136316337,98.55610676625659
85.90496732570237,97.8755040160697
85.93182101977105,98.5442467598618
85.95867471383973,97.38182008816639
85.9855284079084,98.38521924917968
86.01238210197708,98.04181303448469
86.03923579604576,98.29947627903258
86.06608949011444,98.07553780243857
86.09294318418311,98.01183277481883
86.1197968782518,98.64836817457115
86.14665057232048,98.5458800975374
86.17350426638916,98.3782524516496
86.20035796045784,98.71262073232191
86.22721165452651,98.70745509963237
86.25406534859519,97.78526308618831
86.28091904266387,98.90119660824656
86.30777273673255,98.93606732100146
86.33462643080122,98.35369115780989
86.3614801248699,98.19232122744901
86.38833381893858,98.15840350228231
86.41518751300725,98.28145486882332
86.44204120707595,99.14042303186017
86.46889490114462,98.76221964953992
86.4957485952133,98.39088974696145
86.52260228928198,98.83287701545915
86.54945598335065,98.74782867386786
86.57630967741933,98.42553547910325
86.60316337148801,98.32312637431866
86.63001706555669,98.14922570172881
86.65687075962536,98.81035165071648
86.68372445369404,98.57777890074077
86.71057814776272,98.63451002476799
86.73743184183141,98.28391105873264
86.76428553590009,98.34633579846214
86.79113922996876,98.96987063900832
86.81799292403744,99.47421952061866
86.84484661810612,99.5538968254229
86.8717003121748,98.10045280092002
86.89855400624347,98.5139098882603
86.92540770031215,98.8252205842972
86.95226139438083,98.8011153055382
86.9791150884495,98.57005470211868
87.00596878251818,98.39334029062667
87.03282247658686,98.38512313573993
87.05967617065555,97.72599262405491
87.08652986472423,98.33659941058453
87.1133835587929,98.62924967595583
87.14023725286158,99.52981032337937
87.16709094693026,98.56532314641437
87.19394464099894,98.67516146465972
87.22079833506761,98.00399139872606
87.24765202913629,98.03485553568962
87.27450572320497,99.30633273488357
87.30135941727364,98.13652261722314
87.32821311134232,98.29198953182264
87.35506680541101,98.28213947887683
87.38192049947969,98.51151002331143
87.40877419354837,99.11030379241122
87.43562788761704,97.61486267820841
87.46248158168572,99.14604974515444
87.4893352757544,97.90425662907971
87.51618896982308,99.24469961462019
87.54304266389175,98.4384153164859
87.56989635796043,98.53093710935855
87.59675005202911,97.92596174680676
87.62360374609779,97.54758343832553
87.65045744016646,98.93569247569633
87.67731113423515,98.65969180763325
87.70416482830383,98.41926221487475
87.73101852237251,98.8962673570003
87.75787221644119,98.64801289360744
87.78472591050986,98.66415851604796
87.81157960457854,99.45348859075307
87.83843329864722,98.69742480824982
87.8652869927159,97.9088862197842
87.89214068678457,98.42580031548457
87.91899438085325,98.58883383056049
87.94584807492193,98.68025632058895
87.97270176899062,98.91962827672123
87.9995554630593,98.14629239478573
88.02640915712797,99.52156536859124
88.05326285119665,97.85250239820807
88.08011654526533,98.817363001012
88.106970239334,97.69607137531767
88.13382393340268,98.54102599934653
88.16067762747136,98.92718156019104
88.18753132154004,98.98439452104944
88.21438501560871,98.55360150395352
88.24123870967739,98.94673063822711
88.26809240374607,99.20720372854973
88.29494609781476,98.97301107168327
88.32179979188344,99.07002930882658
88.34865348595211,99.20294382338653
88.37550718002079,98.24350375837106
88.40236087408947,99.24105712811507
88.42921456815814,98.2323990919135
88.45606826222682,99.3789158146531
88.4829219562955,97.9128378359177
88.50977565036418,98.80321299400002
88.53662934443285,98.05477748213015
88.56348303850153,98.50776125627169
88.59033673257022,98.93538450243254
88.6171904266389,98.82870126893965
88.64404412070758,98.78601436771169
88.67089781477625,99.07377563147337
88.69775150884493,99.60035370781107
88.72460520291361,98.94075980521623
88.75145889698229,98.79873016078449
88.77831259105096,98.66946537264201
88.80516628511964,98.78407376394983
88.83201997918832,98.32224832358513
88.858873673257,97.80164767812887
88.88572736732567,98.54342154099852
88.91258106139436,99.29059385466574
88.93943475546304,98.53606164356015
88.96628844953172,99.29822742608468
88.9931421436004,98.31304846177454
89.01999583766907,99.03554498909143
89.04684953173775,98.61377057639618
89.07370322580643,98.20102035463482
89.1005569198751,98.97910293332875
89.12741061394378,98.67059178149735
89.15426430801246,99.52680299861983
89.18111800208113,98.02429763284651
89.20797169614983,99.26628527581542
89.2348253902185,98.38192695849109
89.26167908428718,99.07005966682189
89.28853277835586,98.60284143159197
89.31538647242454,99.11219010685443
89.34224016649321,99.35181269294668
89.36909386056189,98.97083850713878
89.39594755463057,98.94506322330966
89.42280124869924,99.3297911830404
89.44965494276792,98.22143760958801
89.4765086368366,97.59533070037502
89.50336233090528,98.96956731378164
89.53021602497397,98.04386642183745
89.55706971904264,98.78768101504122
89.58392341311132,99.13872795201108
89.61077710718,99.08975732256118
89.63763080124868,98.38668005575089
89.66448449531735,99.0249306532199
89.69133818938603,98.40585174218047
89.71819188345471,98.66113224034515
89.74504557752338,98.0273912963346
89.77189927159206,98.23421554073416
89.79875296566074,99.1662176223441
89.82560665972943,98.42226928437229
89.85246035379811,99.21568807622256
89.87931404786679,98.46482194195103
89.90616774193546,98.7063962923552
89.93302143600414,99.06138058765173
89.95987513007282,98.04520440264271
89.9867288241415,98.63059124822126
90.01358251821017,99.74231942424835
90.04043621227885,99.63247651910422
90.06728990634753,99.09487683073382
90.0941436004162,98.46508607184424
90.1209972944849,98.48619864881285
90.14785098855357,99.44071661122521
90.17470468262225,99.18711954254297
90.20155837669093,99.37309091379508
90.2284120707596,98.65062195765458
90.25526576482828,98.56015045998252
90.28211945889696,99.54470736051051
90.30897315296563,99.06848546903036
90.33582684703431,97.63569064554846
90.36268054110299,98.67015394567237
90.38953423517167,99.00625083044719
90.41638792924034,99.03088882567211
90.44324162330904,98.97045537430309
90.47009531737771,98.63449173630843
90.49694901144639,98.55033547259934
90.52380270551507,98.11378808723786
90.55065639958374,98.11137791054944
90.57751009365242,98.37289928406582
90.6043637877211,98.99455958432135
90.63121748178978,98.32478271428793
90.65807117585845,98.18156067920768
90.68492486992713,99.54224938565257
90.71177856399581,99.00620234293058
90.7386322580645,99.57076300115628
90.76548595213318,98.81306676648906
90.79233964620185,98.70499285046417
90.81919334027053,98.72132145555886
90.84604703433921,98.75168303220919
90.87290072840788,97.63999867457848
90.89975442247656,98.25520053289138
90.92660811654524,98.64497609903678
90.95346181061392,97.98196375665412
90.9803155046826,98.6625078799408
91.00716919875127,99.30446081622618
91.03402289281995,99.3184295053544
91.06087658688864,98.83428342588334
91.08773028095732,99.28061184299463
91.114583975026,99.45512771581257
91.14143766909467,98.69745270465418
91.16829136316335,99.43158387626781
91.19514505723203,99.24717787748224
91.2219987513007,99.14495512033953
91.24885244536938,98.65968108008252
91.27570613943806,98.11725605670917
91.30255983350673,98.86130479149098
91.32941352757541,99.51359770774273
91.3562672216441,99.12307143720425
91.38312091571278,98.16191924192957
91.40997460978146,98.42725452214648
91.43682830385013,98.95217799563494
91.46368199791881,98.09904209810193
91.49053569198749,99.16113405315834
91.51738938605617,98.85122318989129
91.54424308012484,100.18705453852432
91.57109677419352,98.70920986832783
91.5979504682622,98.39762464950552
91.62480416233088,98.04859572569565
91.65165785639955,99.61350679428303
91.67851155046824,99.16414024082283
91.70536524453692,98.9832232154755
91.7322189386056,99.23281661204581
91.75907263267428,98.9225014997903
91.78592632674295,98.664730404122
91.81278002081163,98.36674540776218
91.8396337148803,97.7700170107038
91.86648740894898,99.40266509929721
91.89334110301766,98.88686305427544
91.92019479708634,99.04252753096398
91.94704849115502,98.44270897911134
91.97390218522371,98.6821669241681
92.00075587929238,98.43886927603073
92.02760957336106,99.32391228433819
92.05446326742974,99.12370669685423
92.08131696149842,98.74135569386289
92.1081706555671,98.47927069816714
92.13502434963577,98.48279868603827
92.16187804370445,98.9626246801916
92.18873173777313,99.45585859924935
92.2155854318418,97.80181409243215
92.24243912591048,98.8119558265847
92.26929281997916,98.77576144977219
92.29614651404785,99.48869263939429
92.32300020811653,98.42807713258051
92.3498539021852,99.07118396269938
92.37670759625388,99.51570960054276
92.40356129032256,99.2642719639572
92.43041498439123,99.4434605896577
92.45726867845991,99.62191895618365
92.48412237252859,98.15085897044169
92.51097606659727,99.45705603658236
92.53782976066594,99.39407574985805
92.56468345473462,98.63864852669445
92.59153714880331,98.60052853855623
92.61839084287199,98.6498392360884
92.64524453694067,98.71484543909003
92.67209823100934,98.58743189508104
92.69895192507802,99.70910461158572
92.7258056191467,99.32512485523225
92.75265931321537,98.70958037800642
92.77951300728405,98.46957187386711
92.80636670135273,98.75781005025624
92.8332203954214,98.84341564599234
92.86007408949008,98.59317589388681
92.88692778355876,98.80244483355214
92.91378147762745,98.52162300636869
92.94063517169613,99.22904113898274
92.9674888657648,98.78925671597686
92.99434255983348,98.89315161269337
93.02119625390216,98.94611455467503
93.04804994797084,99.31244023571415
93.07490364203952,98.52351526065611
93.1017573361082,97.72633928786355
93.12861103017687,98.45788302036287
93.15546472424555,99.63518154919224
93.18231841831422,99.48693050456707
93.20917211238292,98.91991446077974
93.2360258064516,98.21891923747546
93.26287950052027,99.04157381692661
93.28973319458895,98.58805953529296
93.31658688865762,98.69123599408411
93.3434405827263,98.96520438033427
93.37029427679498,98.06391452600018
93.39714797086366,98.6932617907559
93.42400166493233,99.1803376290168
93.45085535900101,98.32817428961984
93.47770905306969,98.92060679508484
93.50456274713837,98.04515217654374
93.53141644120706,99.3366128147725
93.55827013527573,99.42631565887457
93.58512382934441,99.16362394249016
93.61197752341309,98.44154441460205
93.63883121748177,99.40472952922715
93.66568491155044,97.93786725761944
93.69253860561912,99.11798288288362
93.7193922996878,99.94927047002311
93.74624599375647,98.39985563175081
93.77309968782515,99.35519605607674
93.79995338189383,99.39877604317036
93.82680707596252,98.90206665920901
93.8536607700312,98.95260373890284
93.88051446409987,98.70548920648027
93.90736815816855,99.1916341399738
93.93422185223723,98.7269895651825
93.9610755463059,98.94047490368524
93.98792924037458,98.59463578355329
94.01478293444326,98.52064136757305
94.04163662851194,99.6131760994951
94.06849032258062,98.1141077451861
94.09534401664929,98.37467434406592
94.12219771071797,98.41690189116477
94.14905140478666,98.43454109312923
94.17590509885534,98.67374340951014
94.20275879292402,98.04878953731506
94.22961248699269,97.6786830637671
94.25646618106137,98.92701842787679
94.28331987513005,98.7163147137778
94.31017356919872,98.87313965295135
94.3370272632674,99.60053657936882
94.36388095733608,98.96820285165475
94.39073465140476,99.63119877155249
94.41758834547343,98.94991529609376
94.44444203954212,99.455405288387
94.4712957336108,98.90807536985324
94.49814942767948,98.046933425995
94.52500312174816,98.80551757079947
94.55185681581683,97.94315071813249
94.57871050988551,98.15077297639245
94.60556420395419,98.14770332406488
94.63241789802287,98.43025567396084
94.65927159209154,98.38129856005541
94.68612528616022,98.31288440062637
94.7129789802289,98.50228479433572
94.73983267429757,99.09414373406103
94.76668636836627,99.68793671919656
94.79354006243494,98.54599241841716
94.82039375650362,98.56407181456989
94.8472474505723,99.14904109311561
94.87410114464097,99.42021544015279
94.90095483870965,98.0660102547148
94.92780853277833,98.95220558636112
94.954662226847,99.2335160257997
94.98151592091568,98.33199685191056
95.00836961498436,98.99177042522699
95.03522330905304,99.4488806879921
95.06207700312173,99.15328550473649
95.0889306971904,99.84805817371932
95.11578439125908,98.87228912431162
95.14263808532776,98.07186789359561
95.16949177939644,98.75095439570173
95.19634547346512,99.09862466674761
95.22319916753379,98.90246738231873
95.25005286160247,99.30137244443233
95.27690655567115,98.87115838958898
95.30376024973982,98.56063301446552
95.3306139438085,98.60821158178837
95.35746763787718,99.03285281633606
95.38432133194587,99.2309616390599
95.41117502601455,99.59718592803691
95.43802872008322,99.34638959442582
95.4648824141519,99.69673808962774
95.49173610822058,99.00934820347801
95.51858980228926,98.24806884215567
95.54544349635793,99.79136381963049
95.57229719042661,99.12573557267822
95.59915088449529,99.51984492813747
95.62600457856396,99.21625021904994
95.65285827263264,98.68511300021859
95.67971196670133,98.83673898335833
95.70656566077001,99.03905046149765
95.73341935483869,98.77920786452412
95.76027304890737,99.33661205252476
95.78712674297604,97.59873773925972
95.81398043704472,99.58546347622219
95.8408341311134,98.45341168852968
95.86768782518207,99.04090586912376
95.89454151925075,98.4911111220213
95.92139521331943,98.59397270334912
95.9482489073881,98.18486382756673
95.9751026014568,98.90190419364728
96.00195629552547,98.69165770280762
96.02880998959415,100.11443146534485
96.05566368366283,98.60609428083738
96.0825173777315,99.41286926357458
96.10937107180018,99.40174208151394
96.13622476586886,97.97500205346225
96.16307845993754,98.86397297437303
96.18993215400621,98.9701985516724
96.21678584807489,99.44762255243796
96.24363954214357,98.76153624741322
96.27049323621225,97.97564482765658
96.29734693028094,99.12446478477497
96.32420062434961,99.54883067184629
96.35105431841829,98.44505307304014
96.37790801248697,99.22333441881833
96.40476170655565,99.11932038222191
96.43161540062432,98.13223393309646
96.458469094693,98.86677205649464
96.48532278876168,98.30429172076467
96.51217648283036,98.82690368268344
96.53903017689903,99.09110076596768
96.56588387096771,98.58793361396268
96.5927375650364,98.77163704761243
96.61959125910508,98.34539431332139
96.64644495317376,98.636825500051
96.67329864724243,98.75231089659724
96.70015234131111,99.2082394664534
96.72700603537979,99.34069212459981
96.75385972944846,99.18627860949687
96.78071342351714,99.24582956226341
96.80756711758582,98.84536397099033
96.8344208116545,99.33194237565628
96.86127450572317,98.54209408265366
96.88812819979185,99.1587181640654
96.91498189386054,99.34063320679047
96.94183558792922,98.58409787750278
96.9686892819979,99.30652203772586
96.99554297606657,98.58724347033841
97.02239667013525,98.56964364662707
97.04925036420393,99.2251771607085
97.0761040582726,98.69232921505274
97.10295775234128,98.60271562629842
97.12981144640996,98.78059604731
97.15666514047864,98.54957661544303
97.18351883454731,99.1811193846843
97.210372528616,98.98930799467747
97.23722622268468,99.1143643731699
97.26407991675336,98.51190387568592
97.29093361082204,98.58205083743879
97.31778730489071,99.40522318157241
97.34464099895939,98.36982519016067
97.37149469302807,98.83112578101473
97.39834838709675,98.91831098389355
97.42520208116542,99.04682769663631
97.4520557752341,98.59472927943095
97.47890946930278,99.51514925171554
97.50576316337145,99.3383424977049
97.53261685744015,98.68909679031414
97.55947055150882,98.59187071974681
97.5863242455775,98.4627841885517
97.61317793964618,99.17459690047846
97.64003163371486,99.05130744511098
97.66688532778353,98.72333806773621
97.69373902185221,98.12630813917542
97.72059271592089,98.99287731593628
97.74744640998956,99.28417620606356
97.77430010405824,98.59801543763996
97.80115379812692,99.26495141499619
97.82800749219561,99.24544672230031
97.85486118626429,98.64661574711549
97.88171488033296,98.23980001437134
97.90856857440164,99.51658642262886
97.93542226847032,99.3182595310801
97.962275962539,99.314276396892
97.98912965660767,99.25315870098177
98.01598335067635,99.39320105381078
98.04283704474503,98.677756557285
98.0696907388137,98.2329039443961
98.09654443288238,99.09813732051015
98.12339812695106,98.27457923324587
98.15025182101975,98.86285530011577
98.17710551508843,99.03096116647293
98.2039592091571,98.35744046284069
98.23081290322578,98.22988255177073
98.25766659729446,98.78781949863281
98.28452029136314,98.67872043379748
98.31137398543181,98.26354422563698
98.33822767950049,98.3768320111268
98.36508137356917,98.83917016730827
98.39193506763785,99.62739722094538
98.41878876170652,99.03044185585416
98.44564245577521,99.92689219303463
98.47249614984389,99.125246287845
98.49934984391257,99.12500029835236
98.52620353798125,98.19735469634679
98.55305723204992,98.56266747542819
98.5799109261186,98.97436293650954
98.60676462018728,99.11457118326399
98.63361831425595,99.19603032113763
98.66047200832463,98.61677701946117
98.68732570239331,98.49019653676508
98.71417939646199,99.12869613684775
98.74103309053066,99.03136614011895
98.76788678459936,98.6568243718428
98.79474047866803,98.78877155238908
98.82159417273671,98.66227048799482
98.84844786680539,98.78662044217575
98.87530156087406,99.34786796775312
98.90215525494274,98.73680896515084
98.92900894901142,98.6449577142232
98.9558626430801,98.91761842207703
98.98271633714877,98.95943081548765
99.00957003121745,99.29762672271852
99.03642372528613,99.0888614421601
99.06327741935482,98.64246753379084
99.0901311134235,98.70789239756576
99.11698480749217,98.48585535426344
99.14383850156085,99.15534246941408
99.17069219562953,99.13850658697784
99.1975458896982,98.17072693382333
99.22439958376688,98.50671655206959
99.25125327783556,99.48144013416162
99.27810697190424,99.63889568266623
99.30496066597291,99.77076803862731
99.33181436004159,98.8066402873364
99.35866805411027,99.010639820573
99.38552174817896,98.9133219492931
99.41237544224764,99.32582327359621
99.43922913631631,98.75187804452504
99.46608283038499,99.38459931676739
99.49293652445367,99.20916672806278
99.51979021852235,99.38127050843585
99.54664391259102,99.12960348468594
99.5734976066597,99.84530581417737
99.60035130072838,99.31953517135172
99.62720499479705,98.80672065214281
99.65405868886573,99.06075441942316
99.68091238293442,100.5394714761745
99.7077660770031,99.3025364881293
99.73461977107178,99.57654130939622
99.76147346514045,99.01547996685579
99.78832715920913,99.37140640896611
99.81518085327781,99.25248643316208
99.84203454734649,99.66762722533967
99.86888824141516,99.39587676686077
99.89574193548384,99.24921984751057
99.92259562955252,99.28994624094777
99.9494493236212,97.99837433148633
99.97630301768987,99.48091245993766
100.00315671175856,98.23338954418789
100.03001040582724,98.01690513175845
100.05686409989592,99.16277152126437
100.0837177939646,99.18652928416425
100.11057148803327,98.74080168474839
100.13742518210195,99.22883083099725
100.16427887617063,98.21983307010558
100.1911325702393,98.15774404426246
100.21798626430798,98.39184154029448
100.24483995837666,98.10962826196094
100.27169365244534,99.65361298820122
100.29854734651403,99.50860146869005
100.3254010405827,99.35514954556146
100.35225473465138,98.75625821581338
100.37910842872006,99.15516605754347
100.40596212278874,98.94542779523425
100.43281581685741,98.33709760666817
100.45966951092609,99.35379848637618
100.48652320499477,99.00960139849923
100.51337689906345,98.7635506030578
100.54023059313212,99.82281251252775
100.5670842872008,100.34070378980186
100.59393798126948,99.46468660562213
100.62079167533817,99.70749786857478
100.64764536940685,99.39132479218354
100.67449906347552,99.04296007222787
100.7013527575442,98.7909158211554
100.72820645161288,100.15243755535732
100.75506014568155,98.83838795206678
100.78191383975023,99.04788668841442
100.80876753381891,98.76152895208298
100.83562122788759,98.45852074702834
100.86247492195626,98.48659242569953
100.88932861602494,99.07140936491109
100.91618231009363,99.66867422333212
100.94303600416231,99.45769356121055
100.96988969823099,99.3015652661531
100.99674339229966,98.80870930154309
101.02359708636834,98.76012031372309
101.05045078043702,97.88289837054644
101.0773044745057,98.63014045660479
101.10415816857437,99.52954620251391
101.13101186264305,98.75058428398935
101.15786555671173,99.44507879508421
101.1847192507804,98.92931794546251
101.21157294484908,98.48933198708423
101.23842663891777,98.9348619390314
101.26528033298645,99.13724410713499
101.29213402705513,99.25002630012673
101.3189877211238,99.68089522874632
101.34584141519248,97.75501725718684
101.37269510926116,99.43043083546644
101.39954880332984,99.32505005033482
101.42640249739851,98.93828038710205
101.45325619146719,98.3651850965469
101.48010988553587,99.00953504228727
101.50696357960454,99.40146845198284
101.53381727367324,98.66911958922532
101.56067096774191,98.38443820715806
101.58752466181059,99.30696495373783
101.61437835587927,97.63186028204083
101.64123204994794,98.94190119803324
101.66808574401662,98.58818726700994
101.6949394380853,98.53595335832044
101.72179313215398,99.5492869045959
101.74864682622265,98.83086529796394
101.77550052029133,98.94322895574876
101.80235421436001,98.97091777305599
101.8292079084287,98.95451805294873
101.85606160249738,99.04648450906514
101.88291529656605,99.37909342268814
101.90976899063473,99.75303427727712
101.93662268470341,98.5411236875449
101.96347637877209,98.81425090830339
101.99033007284076,99.4694251487911
102.01718376690944,99.03857693859293
102.04403746097812,98.25839189014596
102.0708911550468,98.82921815672924
102.09774484911547,99.31507408640236
102.12459854318415,99.60462263635073
102.15145223725284,98.99287084390534
102.17830593132152,98.24651402882654
102.2051596253902,98.79527092116861
102.23201331945887,99.4839196708914
102.25886701352755,99.33455241290045
102.28572070759623,98.47202809117417
102.3125744016649,98.29892000961242
102.33942809573358,99.82648808519951
102.36628178980226,99.92973149652494
102.39313548387094,99.45086265890066
102.41998917793961,98.85705061569395
102.4468428720083,98.96271588002288
102.47369656607698,98.64699222927293
102.50055026014566,98.93186897191786
102.52740395421434,99.12786809872078
102.55425764828301,98.79565725850166
102.58111134235169,98.92567243576032
102.60796503642037,97.85715841325134
102.63481873048904,99.28725746892945
102.66167242455772,97.85763293721661
102.6885261186264,99.28304067480741
102.71537981269508,99.26793878783343
102.74223350676375,99.08898098912846
102.76908720083244,99.1847974879797
102.79594089490112,98.24899618741452
102.8227945889698,99.15640767347163
102.84964828303848,99.48037523395449
102.87650197710715,99.31932695780087
102.90335567117583,98.76642775000403
102.93020936524451,98.4718794714323
102.95706305931319,100.03690240574885
102.98391675338186,99.43945427213893
103.01077044745054,98.63027151673313
103.03762414151922,99.52980253708319
103.06447783558791,99.68694796278534
103.09133152965659,99.28676366431414
103.11818522372526,99.11099997210098
103.14503891779394,99.46253791419097
103.17189261186262,99.38277485327689
103.1987463059313,99.60205096551314
103.22559999999997,99.17992816738122
103.25245369406865,99.31418739872836
103.27930738813733,99.04172369333612
103.306161082206,99.43962810491517
103.33301477627468,99.47733601094194
103.35986847034336,99.72736796963285
103.38672216441205,99.62374588424763
103.41357585848073,99.60431222131821
103.4404295525494,99.01792203248836
103.46728324661808,98.32559339174722
103.49413694068676,98.62568899525868
103.52099063475544,100.21852040360315
103.54784432882411,99.47017475745848
103.57469802289279,100.10715403686166
103.60155171696147,99.19365027302706
103.62840541103014,98.27393025185121
103.65525910509882,99.05664264352578
103.68211279916751,99.43223640069192
103.70896649323619,98.18611640985516
103.73582018730487,97.741891064433
103.76267388137354,98.22971948997007
103.78952757544222,98.82751765674453
103.8163812695109,100.19715634126464
103.84323496357958,99.53748933931523
103.87008865764825,98.159825754695
103.89694235171693,99.6700101779791
103.92379604578561,99.68864545909518
103.95064973985428,99.06752467238452
103.97750343392296,99.93509976137288
104.00435712799165,99.2512686213891
104.03121082206033,98.69225498137291
104.05806451612901,99.96097249101027
104.08491821019769,99.42776814825488
104.11177190426636,99.27100296052656
104.13862559833504,98.95609926267149
104.16547929240372,99.35485021264309
104.1923329864724,99.3272337280452
104.21918668054107,99.44770204921264
104.24604037460975,99.49911813697922
104.27289406867843,99.64159814508511
104.29974776274712,98.50745106984003
104.3266014568158,99.19420837553758
104.35345515088447,98.92086379514684
104.38030884495315,99.40081550174818
104.40716253902183,99.28686590225766
104.4340162330905,99.12766630301857
104.46086992715918,99.65314548910844
104.48772362122786,98.66289822358836
104.51457731529653,100.33119125449313
104.54143100936521,99.78836378986142
104.56828470343389,98.88739053770905
104.59513839750257,99.19201680603986
104.62199209157126,98.98405378916326
104.64884578563994,99.40984148952103
104.67569947970861,99.56723688100924
104.70255317377729,98.88649238752598
104.72940686784597,98.56242508474206
104.75626056191464,99.013217534088
104.78311425598332,99.14948830993568
104.809967950052,98.87994427513306
104.83682164412068,98.60510509659993
104.86367533818935,98.72716677344894
104.89052903225803,98.46955907630601
104.91738272632672,98.26312298946573
104.9442364203954,99.0251099068158
104.97109011446408,99.59085987408412
104.99794380853275,100.06489294448055
105.02479750260143,98.231281127436
105.05165119667011,99.31366269005147
105.07850489073878,98.96854471504555
105.10535858480746,98.48205199954815
105.13221227887614,98.69249750683844
105.15906597294482,99.4750074635231
105.1859196670135,99.46696724266846
105.21277336108217,98.46270801223976
105.23962705515086,98.08862198170544
105.26648074921954,98.82354882027579
105.29333444328822,99.20384866380414
105.3201881373569,99.28796756265629
105.34704183142557,99.38819913098217
105.37389552549425,99.67958102755568
105.40074921956293,99.68663758432551
105.4276029136316,98.74946583349605
105.45445660770028,98.43729972937147
105.48131030176896,99.66834602871349
105.50816399583763,99.06223490932557
105.53501768990633,99.97368827935209
105.561871383975,98.73660846714814
105.58872507804368,99.58260202424671
105.61557877211236,99.07333850833874
105.64243246618103,99.06372682319886
105.66928616024971,99.42876908597403
105.69613985431839,99.00095987672702
105.72299354838707,99.3400216173931
105.74984724245574,99.53265772122677
105.77670093652442,99.52901044386954
105.8035546305931,99.12013930689562
105.83040832466178,99.46910585598152
105.85726201873047,99.72480715234693
105.88411571279914,99.19159394315996
105.91096940686782,98.71657717692992
105.9378231009365,99.39120714388915
105.96467679500518,99.1677316867683
105.99153048907385,99.27154970969696
106.01838418314253,99.57477797135799
106.0452378772112,98.67223237659223
106.07209157127988,99.41533063488639
106.09894526534856,98.75667543684618
106.12579895941724,99.1035782152523
106.15265265348593,99.72043397698886
106.17950634755461,98.91016567635558
106.20636004162328,99.57361767008163
106.23321373569196,99.19121427365465
106.26006742976064,98.14229566444911
106.28692112382932,99.08183930310575
106.313774817898,98.96901800753017
106.34062851196667,98.97235971657888
106.36748220603535,98.34517315177835
106.39433590010402,99.08908699068571
106.4211895941727,99.34498210516276
106.44804328824138,98.96853458695581
106.47489698231007,99.11695961706195
106.50175067637875,99.46607140911985
106.52860437044743,99.04128990532529
106.5554580645161,98.9395478442555
106.58231175858478,100.40812186097004
106.60916545265346,98.93391501505646
106.63601914672213,99.89971053495381
106.66287284079081,99.74117857706364
106.68972653485949,98.74032661387183
106.71658022892817,98.54960379939666
106.74343392299684,99.44439766634157
106.77028761706553,99.091662823362
106.79714131113421,99.18057938696144
106.82399500520289,99.80065951262667
106.85084869927157,99.15518035721071
106.87770239334024,98.79680189018003
106.90455608740892,98.97808808862621
106.9314097814776,99.17182296462332
106.95826347554627,98.72074464851303
106.98511716961495,99.01834347765327
107.01197086368363,98.6846553984463
107.0388245577523,98.48047950765935
107.06567825182098,99.34896484276213
107.09253194588968,99.10591352924031
107.11938563995835,99.2626618013912
107.14623933402703,99.56710656001228
107.1730930280957,99.9040611936369
107.19994672216438,99.38544357039267
107.22680041623306,98.58253216658217
107.25365411030174,99.18021196373643
107.28050780437042,99.04668403352618
107.30736149843909,98.65227083640745
107.33421519250777,99.57361128893042
107.36106888657645,99.49452931842403
107.38792258064514,98.98912586075387
107.41477627471382,99.85536291077075
107.4416299687825,98.65502996507136
107.46848366285117,99.47172644122645
107.49533735691985,98.61256042884337
107.52219105098852,97.88705495244034
107.5490447450572,98.5647681744146
107.57589843912588,98.65470707595883
107.60275213319456,99.39618905723793
107.62960582726323,99.79960736108424
107.65645952133191,99.4178773000753
107.6833132154006,98.85207651879838
107.71016690946928,99.09096098595593
107.73702060353796,98.97758379308887
107.76387429760663,100.06569734499836
107.79072799167531,98.4245424685782
107.81758168574399,99.83829886513007
107.84443537981267,99.70696634693294
107.87128907388134,99.61914611240786
107.89814276795002,99.66168619274791
107.9249964620187,98.89868191798514
107.95185015608737,99.05268396970725
107.97870385015605,98.86455549635672
108.00555754422474,99.94460840017808
108.03241123829342,99.15002990692219
108.0592649323621,98.62199625827495
108.08611862643077,98.73543609842241
108.11297232049945,99.87981530823484
108.13982601456813,99.468599529088
108.1666797086368,99.36969287998859
108.19353340270548,99.4384568815553
108.22038709677416,98.33139412217832
108.24724079084284,99.39559715326914
108.27409448491152,99.19741473616575
108.3009481789802,99.66022859687841
108.32780187304888,98.90866053953243
108.35465556711756,99.08604060428748
108.38150926118624,98.59759064087336
108.40836295525492,98.81739796672926
108.43521664932359,99.45999310727314
108.46207034339227,99.26102883836097
108.48892403746095,99.66734177815619
108.51577773152962,98.1603799694682
108.5426314255983,98.63935714344115
108.56948511966698,98.71697003507813
108.59633881373566,99.7068768090077
108.62319250780435,99.99945148025492
108.65004620187302,99.84163359154935
108.6768998959417,99.51469134439166
108.70375359001038,98.59934005469198
108.73060728407906,99.37106132842497
108.75746097814773,99.60157647160639
108.78431467221641,99.77531369403292
108.81116836628509,99.42163684981635
108.83802206035377,99.04646137465888
108.86487575442244,98.66167750491151
108.89172944849112,99.20856385096758
108.91858314255981,99.44217715656569
108.94543683662849,99.66542994459549
108.97229053069717,99.31107337279998
108.99914422476584,99.30052728993954
109.02599791883452,98.4982814032952
109.0528516129032,99.17840165930096
109.07970530697187,98.83098825861144
109.10655900104055,99.19955380641296
109.13341269510923,99.01541526914558
109.1602663891779,98.83459184583185
109.18712008324658,99.51886086888682
109.21397377731526,99.15691851909612
109.24082747138395,98.65474382349262
109.26768116545263,99.92370360051878
109.2945348595213,98.68966000813252
109.32138855358998,98.71205080810029
109.34824224765866,100.10054160291932
109.37509594172734,99.27906924088784
109.40194963579602,99.82066139910185
109.42880332986469,99.30402056225569
109.45565702393337,99.5132885410952
109.48251071800205,98.84158135161523
109.50936441207072,99.04371639419072
109.53621810613942,98.70952638040727
109.56307180020809,98.71116332381888
109.58992549427677,99.18007480838533
109.61677918834545,100.03375189642577
109.64363288241412,99.05546859983117
109.6704865764828,99.17339518962467
109.69734027055148,99.01557653153955
109.72419396462016,98.06266994722765
109.75104765868883,100.37167689131455
109.77790135275751,99.37548838972894
109.80475504682619,98.56786841977882
109.83160874089486,98.99363928626555
109.85846243496356,98.68616764373682
109.88531612903223,99.167278787442
109.91216982310091,99.18657642147345
109.93902351716959,99.10648479938327
109.96587721123826,97.85926711138465
109.99273090530694,99.88836345375186
110.01958459937562,99.61023276696795
110.0464382934443,99.39081166754707
110.07329198751297,99.41207909751638
110.10014568158165,99.26397310764379
110.12699937565033,100.44374131681593
110.15385306971902,99.22224497916497
110.1807067637877,98.39228078568465
110.20756045785637,98.97153997476904
110.23441415192505,98.89528275892772
110.26126784599373,98.27882785441432
110.2881215400624,100.1440380958153
110.31497523413108,100.28667516020117
110.34182892819976,99.23139738911286
110.36868262226844,99.69212787739548
110.39553631633711,99.32349254800005
110.42239001040579,98.94623859356588
110.44924370447447,98.60842581315838
110.47609739854316,98.81063105774493
110.50295109261184,99.16110891235529
110.52980478668051,100.07600343534928
110.55665848074919,99.58851057029032
110.58351217481787,100.2830096940669
110.61036586888655,99.13527684826113
110.63721956295522,99.8191880367012
110.6640732570239,99.89314214384272
110.69092695109258,98.98977901230532
110.71778064516126,99.32336665841044
110.74463433922993,99.39358815836395
110.77148803329862,99.24118261716626
110.7983417273673,100.2706461542803
110.82519542143598,99.23125208178315
110.85204911550466,99.61237200310315
110.87890280957333,99.57388055630804
110.90575650364201,98.73969421889613
110.93261019771069,99.54990437682909
110.95946389177936,99.37767260142179
110.98631758584804,99.62922422242858
111.01317127991672,99.40983939785991
111.0400249739854,100.13761244206448
111.06687866805407,97.57491695325818
111.09373236212276,99.62147623231668
111.12058605619144,99.21669551372125
111.14743975026012,99.90479088538457
111.1742934443288,99.18624900760446
111.20114713839747,98.22006931001927
111.22800083246615,100.18820656092065
111.25485452653483,98.72601955174719
111.2817082206035,99.11018131723948
111.30856191467218,98.74191648842447
111.33541560874086,98.70879128428203
111.36226930280954,99.78739749557135
111.38912299687823,99.05668863567486
111.4159766909469,99.24163863798793
111.44283038501558,99.02907805249421
111.46968407908426,99.51427715755851
111.49653777315294,99.34026443792355
111.52339146722161,99.72532612759301
111.55024516129029,98.64622223130677
111.57709885535897,100.05199075781853
111.60395254942765,99.36263790063614
111.63080624349632,99.49581871415454
111.657659937565,99.6597059949535
111.68451363163368,100.13623767587308
111.71136732570237,99.09447862927435
111.73822101977105,99.93554105356533
111.76507471383972,99.28033331015978
111.7919284079084,99.59552720767945
111.81878210197708,99.55337695348184
111.84563579604576,99.46985484898724
111.87248949011443,100.12698804537756
111.89934318418311,99.08918029759188
111.92619687825179,99.47710334096084
111.95305057232046,99.81091949214056
111.97990426638914,98.83524330288682
112.00675796045783,99.32730953173878
112.03361165452651,98.95135575789314
112.06046534859519,98.78763018414439
112.08731904266386,99.24596313873859
112.11417273673254,98.48930387677581
112.14102643080122,100.11970171756732
112.1678801248699,100.3300860562855
112.19473381893857,99.04245428686048
112.22158751300725,99.30633417979686
112.24844120707593,99.78101937410773
112.2752949011446,98.83820102042009
112.30214859521328,99.20738823262333
112.32900228928197,99.85613181052652
112.35585598335065,99.6384416447587
112.38270967741933,99.61832745907225
112.409563371488,99.66837766142773
112.43641706555668,98.35238873173815
112.46327075962536,99.26321107973757
112.49012445369404,98.34924437683866
112.51697814776271,99.76875960268686
112.54383184183139,98.41818641661816
112.57068553590007,98.82540851622542
112.59753922996875,98.87860865873371
112.62439292403744,99.04775367169127
112.65124661810611,100.21760805602507
112.67810031217479,100.4230762380605
112.70495400624347,100.12391455959185
112.73180770031215,98.94164718702706
112.75866139438082,99.3122616908589
112.7855150884495,98.76916867794894
112.81236878251818,99.49232605580376
112.83922247658685,98.41374978279765
112.86607617065553,98.9390364308541
112.89292986472421,99.39855214350773
112.9197835587929,98.85997511357186
112.94663725286158,99.01035927682773
112.97349094693026,99.71185015550653
113.00034464099893,99.92537967280738
113.02719833506761,99.65091566329575
113.05405202913629,99.70695677816467
113.08090572320496,99.70290563307938
113.10775941727364,98.69374258659268
113.13461311134232,98.49981577408597
113.161466805411,100.04369502894876
113.18832049947967,99.29723341233301
113.21517419354835,99.06218603309304
113.24202788761704,98.45718038666344
113.26888158168572,98.95380062363698
113.2957352757544,99.1396426595915
113.32258896982307,99.54443293520762
113.34944266389175,99.03507881931952
113.37629635796043,98.69464113063663
113.4031500520291,98.88713263193512
113.43000374609778,98.35669265042986
113.45685744016646,99.2986914949168
113.48371113423514,99.27305429223377
113.51056482830381,99.56976520337162
113.5374185223725,98.73906396067429
113.56427221644118,98.84181144486273
113.59112591050986,99.09297983111352
113.61797960457854,99.76864072595131
113.64483329864721,99.00782053240215
113.67168699271589,99.23469363356583
113.69854068678457,98.90218147520474
113.72539438085325,99.21470825576714
113.75224807492192,99.56409207883738
113.7791017689906,99.39298821138341
113.80595546305928,99.58575692496932
113.83280915712795,99.42996935737227
113.85966285119665,99.35374460659281
113.88651654526532,99.9827605695804
113.913370239334,99.4610097408932
113.94022393340268,98.36029258811239
113.96707762747135,99.08166691520496
113.99393132154003,99.83291144987376
114.02078501560871,99.84322291029706
114.04763870967739,99.56590372999656
114.07449240374606,99.36010819578513
114.10134609781474,99.62365894216413
114.12819979188342,99.06677464260527
114.15505348595211,99.44263129126784
114.18190718002079,99.18564083882114
114.20876087408946,99.83665478344956
114.23561456815814,98.53569059123257
114.26246826222682,99.43082134966195
114.2893219562955,99.5462439550334
114.31617565036417,98.9899164663892
114.34302934443285,99.35329221737467
114.36988303850153,98.61190460920406
114.3967367325702,99.64907533174271
114.42359042663888,99.27628868830513
114.45044412070756,99.47213229484352
114.47729781477625,98.68133585550649
114.50415150884493,98.47159921848545
114.5310052029136,98.90651333267985
114.55785889698228,99.35160727531186
114.58471259105096,99.90723774977856
114.61156628511964,100.1947417640746
114.63841997918831,98.77202976322135
114.66527367325699,99.59865245864627
114.69212736732567,98.99733090851569
114.71898106139435,100.1801832868275
114.74583475546302,99.47917476560076
114.77268844953171,98.93160642607467
114.79954214360039,99.5458162342944
114.82639583766907,99.18536691560628
114.85324953173775,100.05622798654181
114.88010322580642,98.98934277129196
114.9069569198751,99.36860585747742
114.93381061394378,99.32354857916361
114.96066430801245,99.57056792855602
114.98751800208113,99.2294219973743
115.01437169614981,98.99313273055758
115.04122539021849,100.00397296311412
115.06807908428716,98.74977432847568
115.09493277835585,99.34155400194543
115.12178647242453,100.23757853298846
115.14864016649321,98.4672756105679
115.17549386056189,99.67220925107507
115.20234755463056,98.95656388088841
115.22920124869924,98.62118140063548
115.25605494276792,99.07341051325713
115.2829086368366,99.42765550156736
115.30976233090527,99.14543020702308
115.33661602497395,100.38299674582835
115.36346971904263,99.19102282045624
115.39032341311132,99.87975727992763
115.41717710718,99.96661513483642
115.44403080124867,99.90981082184071
115.47088449531735,99.01031602656145
115.49773818938603,99.17604628144802
115.5245918834547,99.96457665315137
115.55144557752338,99.39754633007358
115.57829927159206,98.59071268447143
115.60515296566074,99.32776059889103
115.63200665972941,99.15465616354096
115.65886035379809,98.3868322287536
115.68571404786677,99.36567547655328
115.71256774193546,99.29329484220136
115.73942143600414,99.62369601102132
115.76627513007281,99.29097648047359
115.79312882414149,99.5995954323416
115.81998251821017,99.48801053300467
115.84683621227884,99.88756199184992
115.87368990634752,99.18178860099395
115.9005436004162,98.99820510193697
115.92739729448488,100.49040747731691
115.95425098855355,99.17353367389332
115.98110468262223,98.78546560291555
116.00795837669092,99.1095608568395
116.0348120707596,100.4446883455367
116.06166576482828,99.34617885048587
116.08851945889695,98.226108430456
116.11537315296563,98.21655989806027
116.14222684703431,98.95710251296681
116.16908054110299,99.05328296940841
116.19593423517166,100.16613892208707
116.22278792924034,99.69486276898746
116.24964162330902,98.6343648520052
116.2764953173777,98.60358463745621
116.30334901144637,99.25684490033784
116.33020270551506,100.21345949435926
116.35705639958374,99.8087784989369
116.38391009365242,99.73624057331621
116.4107637877211,98.79969864140675
116.43761748178977,98.71061951247343
116.46447117585845,99.50001456768827
116.49132486992713,99.355882817459
116.5181785639958,98.71491025050187
116.54503225806448,99.35078533121798
116.57188595213316,99.3210996945572
116.59873964620184,99.04650130386035
116.62559334027053,99.87949832766142
116.6524470343392,99.29428765474938
116.67930072840788,99.84104148783693
116.70615442247656,98.93377723225028
116.73300811654524,99.41512431886397
116.75986181061391,99.97358833638505
116.78671550468259,100.34823419554688
116.81356919875127,99.30023665329028
116.84042289281994,100.09403943214355
116.86727658688862,98.71572010114991
116.8941302809573,99.54843314580062
116.92098397502598,99.099388901973
116.94783766909467,100.36885461192757
116.97469136316334,100.16480975960478
117.00154505723202,99.76685078787868
117.0283987513007,99.0697910706967
117.05525244536938,99.8863725533225
117.08210613943805,99.16600758985042
117.10895983350673,99.86244424874187
117.13581352757541,99.89590222148821
117.16266722164409,99.74423622466902
117.18952091571276,99.84218283375874
117.21637460978144,99.76215660555502
117.24322830385013,99.7193383210228
117.27008199791881,99.34720457049112
117.29693569198749,98.63997583378632
117.32378938605616,99.6802273499696
117.35064308012484,99.29403108323287
117.37749677419352,98.45441005738427
117.4043504682622,99.2238034068145
117.43120416233087,99.43454801594305
117.45805785639955,99.19308322268931
117.48491155046823,99.24685262651649
117.5117652445369,99.80527540989888
117.53861893860558,99.47422790489303
117.56547263267427,99.32224161352073
117.59232632674295,99.55947308053688
117.61918002081163,99.77564188379301
117.6460337148803,98.93202573694508
117.67288740894898,98.49380382834487
117.69974110301766,99.3401036399278
117.72659479708634,100.46914845853162
117.75344849115501,99.16147210969451
117.78030218522369,99.29484890095551
117.80715587929237,100.19369312355872
117.83400957336104,100.14251921606946
117.86086326742974,99.59516678030849
117.88771696149841,100.06188424982905
117.91457065556709,99.9305933008806
117.94142434963577,99.05436256241545
117.96827804370444,99.20336452453859
117.99513173777312,100.07881955628879
118.0219854318418,99.09028076068793
118.04883912591048,99.35881252392845
118.07569281997915,99.35749282367583
118.10254651404783,98.93849269026676
118.12940020811651,98.73832983375684
118.15625390218518,99.69111860527508
118.18310759625388,99.7476533742173
118.20996129032255,98.72805254496444
118.23681498439123,99.50706815695136
118.26366867845991,99.46262726176958
118.29052237252859,98.6171450747277
118.31737606659726,99.63136576286757
118.34422976066594,99.78557227050429
118.37108345473462,99.92012000526086
118.3979371488033,98.18398666383484
118.42479084287197,99.58534144376954
118.45164453694065,99.23450894341022
118.47849823100934,99.11664015294504
118.50535192507802,99.51140202143907
118.5322056191467,99.64168044908678
118.55905931321537,99.41001870336132
118.58591300728405,99.688667588894
118.61276670135273,99.82286714406081
118.6396203954214,98.64612075437243
118.66647408949008,99.12613520338965
118.69332778355876,99.30641772812658
118.72018147762743,98.89989042786993
118.74703517169611,99.06651318247954
118.7738888657648,99.01409603706192
118.80074255983348,98.66626145022605
118.82759625390216,99.15694242660729
118.85444994797083,99.38511219778525
118.88130364203951,100.13818700475777
118.90815733610819,99.67280861636733
118.93501103017687,99.99230644188971
118.96186472424554,99.47583249753728
118.98871841831422,99.9576897021673
119.0155721123829,99.84744240378154
119.04242580645158,99.48187533419093
119.06927950052025,98.95471848139174
119.09613319458894,99.09801169151571
119.12298688865762,99.82786252092555
119.1498405827263,99.72227564214317
119.17669427679498,99.77144267474215
119.20354797086365,98.70834082200389
119.23040166493233,99.16421688514869
119.25725535900101,99.62833964848225
119.28410905306968,99.03316595257918
119.31096274713836,98.86402676889082
119.33781644120704,99.46517144412962
119.36467013527572,100.10803952650699
119.39152382934441,99.47116704426878
119.41837752341308,99.10665825604536
119.44523121748176,99.23202162559147
119.47208491155044,99.30649336367084
119.49893860561912,99.33217272317488
119.5257922996878,99.52474109638523
119.55264599375647,99.3846317943098
119.57949968782515,98.48252282161815
119.60635338189383,99.44630706842149
119.6332070759625,99.84196651175554
119.66006077003118,99.28606526148702
119.68691446409986,100.08624647020453
119.71376815816855,98.99211494191843
119.74062185223723,99.20925887156262
119.7674755463059,99.57038644101264
119.79432924037458,99.3922598523786
119.82118293444326,100.73681318638418
119.84803662851193,99.18902759305927
119.87489032258061,100.11650354350785
119.90174401664929,99.74187003301591
119.92859771071797,99.41704549931568
119.95545140478664,99.21985964996406
119.98230509885532,100.55044562488347
